realization,Lambda1,Lambda2,r_gain,weak_axis_w0,weak_axis_wa,delta_phi_weak_deg,delta_phi_strong_deg,angle_weak_lt_5deg,angle_weak_lt_10deg,angle_weak_lt_45deg,angle_weak_lt_angle_strong
0,6.793853059801634,1.578482381776535,1.1977173012068851,-0.24854816317899667,0.9686195386117022,3.5138466433636237,86.48615335663631,1,1,1,1
1,6.765018485063762,1.4637301888846277,1.1598430160407345,-0.24838521440252292,0.9686613367251802,3.274007952392701,86.72599204760718,1,1,1,1
2,6.70622812184668,1.5676528059621901,1.1970093907810175,-0.24608549427490872,0.969248125872562,3.4250991557475716,86.57490084425251,1,1,1,1
3,6.521403095004407,1.4542184935943485,1.163424118107096,-0.2502847481778063,0.9681722702234207,3.4267729143023637,86.57322708569768,1,1,1,1
4,6.08764055899943,1.493467703924987,1.19217889200835,-0.24310226719046202,0.9700006637558848,3.462478857663457,86.53752114233635,1,1,1,1
5,6.587877241339125,1.626318688414257,1.2213891894792681,-0.24871022956529037,0.9685779378602325,3.5995537597274834,86.40044624027259,1,1,1,1
6,6.90461678109294,1.4649685189550288,1.1565226068288015,-0.24838400458194754,0.9686616469479087,3.3486893768629744,86.65131062313687,1,1,1,1
7,6.85161736350981,1.5223071591022779,1.177106172943844,-0.24651633347654278,0.9691386367952122,3.3168897535789235,86.683110246421,1,1,1,1
8,6.995124592496034,1.4983543812837106,1.1651122877337292,-0.25104549012502025,0.9679752899159607,3.419759659718077,86.58024034028169,1,1,1,1
9,6.836589011766101,1.538688266472267,1.183030970564737,-0.24606025469357842,0.9692545336804627,3.3316999393190527,86.66830006068108,1,1,1,1
10,6.851354919376631,1.5750752293789685,1.1946809486266297,-0.24779292874004516,0.9688130183200631,3.265747784064327,86.73425221593541,1,1,1,1
11,6.909644914788697,1.5716180990575122,1.1916594426722242,-0.2477464278236395,0.9688249106523976,3.4262010264794855,86.57379897352057,1,1,1,1
12,6.695729846784742,1.592242478267557,1.2057357854879667,-0.2438041818467343,0.9698244794363795,3.3111386793792756,86.68886132062087,1,1,1,1
13,6.59444148253641,1.5272564637892585,1.1868334471065733,-0.24517796858396226,0.969478088314038,3.429463441816578,86.57053655818348,1,1,1,1
14,6.941336089530789,1.4279983099423768,1.1433309686609388,-0.25032192202481507,0.9681626595535495,3.342733510209223,86.65726648979084,1,1,1,1
15,6.801106522960126,1.4875015561608842,1.1668933124722862,-0.25035680806144295,0.968153638973322,3.4640144243033006,86.53598557569698,1,1,1,1
16,6.474033636098094,1.4900834367199594,1.1776337124549803,-0.24669840796175496,0.9690923049478493,3.54559305403998,86.45440694596,1,1,1,1
17,6.517932330229987,1.5252579609300099,1.188672541830878,-0.24977986643056702,0.9683026481043662,3.490154018278089,86.50984598172207,1,1,1,1
18,6.754818143034139,1.5070977132171337,1.1748762924117226,-0.2485208159876636,0.9686265555005322,3.3199515231617442,86.68004847683842,1,1,1,1
19,6.595644481952332,1.533224087048322,1.1888703310939845,-0.24593352386182568,0.9692866974434886,3.4094536655300645,86.5905463344699,1,1,1,1
20,6.624927669804849,1.4395221270097167,1.155328173493546,-0.2498767439365503,0.9682776527627125,3.340183846312345,86.6598161536875,1,1,1,1
21,6.422140047568358,1.5216921826095584,1.1906653031896235,-0.24657528463334344,0.9691236396910282,3.3151079854786953,86.68489201452124,1,1,1,1
22,6.475507130014112,1.5920512604213137,1.2137552840348662,-0.24403510030091846,0.9697663996144231,3.456610112571644,86.5433898874285,1,1,1,1
23,6.700875005683454,1.4846436012448634,1.1688043262660262,-0.24905511743859507,0.9684893125262909,3.2687287087290104,86.73127129127073,1,1,1,1
24,6.410975524123245,1.5454343197771023,1.1995750821758975,-0.24588866906350698,0.9692980771806872,3.6251881697327857,86.3748118302672,1,1,1,1
25,6.643905948918567,1.561972539581464,1.1971881062586491,-0.24622036637797007,0.969213872775611,3.393144830442707,86.60685516955726,1,1,1,1
26,6.657138886837185,1.522511646471027,1.1831639040641821,-0.24869691295829838,0.9685813571843165,3.550723882130524,86.44927611786942,1,1,1,1
27,6.661556894575335,1.4721630130619865,1.1656440790407927,-0.24742791656552374,0.9689063040893294,3.4120608294332695,86.58793917056663,1,1,1,1
28,6.816723244237699,1.4805225339801305,1.1641011328493238,-0.2488573908240834,0.9685401380594556,3.596664129515467,86.40333587048421,1,1,1,1
29,6.661178068751198,1.459671594549601,1.1613306748539993,-0.24693386471327294,0.9690323350940189,3.055146324412818,86.94485367558691,1,1,1,1
30,6.8580148729597745,1.4609341873755195,1.1564004214677255,-0.25133224087685063,0.9679008754494546,3.398610712017969,86.60138928798196,1,1,1,1
31,6.772458284571659,1.5421191800322882,1.1861874000294075,-0.24840831390325496,0.968655413232044,3.257528655615604,86.74247134438427,1,1,1,1
32,6.893447926241288,1.4599266129502533,1.1551358345967295,-0.25043203819843807,0.9681341819416232,3.379639274112139,86.62036072588768,1,1,1,1
33,6.946014132368417,1.5389492073553126,1.179803626295842,-0.246213768598421,0.9692155488602953,3.387249345109911,86.61275065489006,1,1,1,1
34,6.492816815713171,1.4769772941297017,1.1723733156204759,-0.2457809625887832,0.9693253934716305,3.358695730258563,86.64130426974143,1,1,1,1
35,6.723961800378957,1.5560793517066045,1.192482117381156,-0.24841203574576035,0.9686544587708494,3.42179601652733,86.57820398347248,1,1,1,1
36,6.954768905470967,1.5292793950713377,1.1763731710946708,-0.2473665190752054,0.9689219809874353,3.170896223510884,86.82910377648889,1,1,1,1
37,6.193248300381239,1.526049574108061,1.2005322104014018,-0.24480698431452227,0.9695718335589321,3.6783204895801265,86.32167951041966,1,1,1,1
38,6.361645431708448,1.5576282386880573,1.2057805250019906,-0.2455830938560028,0.9693755433329818,3.4244613288189534,86.57553867118106,1,1,1,1
39,6.9878336929916856,1.49249918152379,1.163394579415735,-0.2483877849091275,0.9686606775893905,3.7034194583723132,86.2965805416277,1,1,1,1
40,6.9860032461029835,1.5039226090795648,1.1671821717187947,-0.24941899379199958,0.9683956657977083,3.144769253282302,86.85523074671748,1,1,1,1
41,6.843658849699388,1.4197395480755708,1.142919056536547,-0.2495523471304913,0.9683613096575383,3.174408581302474,86.8255914186973,1,1,1,1
42,6.869209349261366,1.478212633679071,1.1618817231639964,-0.24686245968685852,0.9690505280930166,3.0769198632790924,86.92308013672087,1,1,1,1
43,6.659338411812347,1.5638326188720046,1.1972990647759791,-0.2450610743215604,0.9695076430087403,3.525422350085095,86.4745776499147,1,1,1,1
44,6.659464295653905,1.4769070675871931,1.1673460328367717,-0.24623289340818927,0.9692106903062054,3.164770501812798,86.83522949818715,1,1,1,1
45,6.8736963560441575,1.4885439137159882,1.1652068236981106,-0.2473172778779081,0.9689345509698071,3.1000552053627946,86.89994479463718,1,1,1,1
46,6.9729015721755445,1.633173790210641,1.2096594007417945,-0.2470592871518626,0.9690003656511247,3.5591755660937228,86.44082443390641,1,1,1,1
47,6.482225020453345,1.5849893794890382,1.2110104956012198,-0.24886381033005658,0.9685384886043535,3.568143641004035,86.43185635899583,1,1,1,1
48,6.49734576197113,1.5322875122694408,1.1918538571621395,-0.24631179174790027,0.9691906423639978,3.325521581746391,86.67447841825344,1,1,1,1
49,6.611739886520404,1.5182934634561953,1.1831552243732477,-0.24996568879238754,0.9682546950191088,3.6863989649962057,86.31360103500379,1,1,1,1
50,6.759883747159141,1.504983542935464,1.1740075429183594,-0.2497789232160971,0.9683028914120866,3.359751840734835,86.64024815926497,1,1,1,1
51,6.457612414729098,1.4124741950503559,1.150297050314741,-0.25094936145349983,0.9680002159018771,3.434067262420203,86.56593273757984,1,1,1,1
52,6.566795741567046,1.5351552831659694,1.1905063103102305,-0.24529571188466157,0.9694483037949972,3.6902810397624015,86.30971896023757,1,1,1,1
53,6.665907684358437,1.5853742822802626,1.204448079258672,-0.24549307497026096,0.9693983444083478,3.4385050038499347,86.56149499614983,1,1,1,1
54,6.748994563096097,1.6212869070071794,1.2136424856874748,-0.24591189885390727,0.9692921840198989,3.586815635186768,86.41318436481328,1,1,1,1
55,7.004006907047979,1.5923457344890304,1.195414740903431,-0.25153381265661257,0.9678485114367993,3.6413055694566103,86.35869443054334,1,1,1,1
56,6.284403243798769,1.5108400265221766,1.1915487581195867,-0.24463171382331542,0.9696160707165838,3.27070618959055,86.72929381040939,1,1,1,1
57,6.706522142047891,1.4975784789985946,1.1730735340170988,-0.2501219898270296,0.9682143307165864,3.600903139901606,86.39909686009827,1,1,1,1
58,6.7088416614902435,1.4813238438107241,1.1674337897142772,-0.24913402629750875,0.968469017026767,3.558599723240301,86.44140027675972,1,1,1,1
59,6.866625238172962,1.572626276831598,1.1933725803372008,-0.24811789775356236,0.9687298430493162,3.250652433138968,86.74934756686118,1,1,1,1
60,6.752575829963451,1.5109770137994507,1.176260851209494,-0.250023485394887,0.9682397723451523,3.200876519306922,86.79912348069318,1,1,1,1
61,6.577123705093455,1.5007005647789042,1.178119477550365,-0.24444086727324402,0.9696642008482649,3.046298368749919,86.9537016312499,1,1,1,1
62,6.551718149302312,1.4414265334058276,1.1580243474422813,-0.24841578311648757,0.9686534977475807,3.3497440016224154,86.65025599837774,1,1,1,1
63,6.84166274338545,1.472282986796232,1.160644690696181,-0.25009645821361987,0.9682209260230865,3.3024578544469056,86.69754214555309,1,1,1,1
64,6.607083593027857,1.5239356047005972,1.1852658425430718,-0.24913251366238426,0.9684694061436644,3.241218384965572,86.75878161503437,1,1,1,1
65,6.638358703585069,1.502628448907749,1.1768832779491327,-0.24909220858664632,0.9684797734704771,3.433294943347765,86.5667050566521,1,1,1,1
66,6.705213090260896,1.5323184569002666,1.1849972246731282,-0.24795428199886646,0.9687717347437562,3.5011468503794267,86.49885314962061,1,1,1,1
67,6.208981597332393,1.4956921713898275,1.1886140864420083,-0.244125587294214,0.969743624690699,3.128058746099701,86.87194125390006,1,1,1,1
68,7.01451079968306,1.4671314931747481,1.1544034290991192,-0.2492862702622958,0.9684298402355813,3.367214375675147,86.63278562432494,1,1,1,1
69,6.651422209949825,1.4424750791252987,1.1556348847853701,-0.2512996504866265,0.9679093375235612,3.441970584631598,86.55802941536831,1,1,1,1
70,6.675191428619175,1.4702181514464359,1.1645802224067552,-0.251008027451767,0.9679850051290945,3.3621168496922,86.63788315030776,1,1,1,1
71,6.717292125622418,1.4129809401319977,1.1437174468379714,-0.24882947926686316,0.9685473092460593,3.560331124806444,86.43966887519333,1,1,1,1
72,6.882238787394323,1.4794920141640888,1.1619543056839388,-0.24774977936041212,0.968824053596352,3.18104633056658,86.81895366943338,1,1,1,1
73,6.906448908575678,1.5204767169282563,1.174882162896084,-0.24906681692307445,0.9684863038307808,3.6563131168522682,86.34368688314756,1,1,1,1
74,6.5406738690200275,1.5252527052309042,1.187910117696915,-0.24801119181730086,0.968757167061675,3.2917185091313375,86.70828149086854,1,1,1,1
75,6.687978358143191,1.5146048874046798,1.1794756883422295,-0.24746378971839186,0.9688971425173116,3.136888447257294,86.86311155274254,1,1,1,1
76,6.660532188509354,1.504454600033466,1.1768313561481474,-0.2466272104903741,0.9691104266520594,3.456734269764329,86.54326573023563,1,1,1,1
77,6.450633163577924,1.4817501285084465,1.1753983291642622,-0.24633298744700938,0.9691852554055038,3.122225720322638,86.87777427967735,1,1,1,1
78,6.970613592953288,1.5980541079121542,1.198342518474383,-0.2464739464296457,0.969149417650032,3.4840746729120857,86.51592532708781,1,1,1,1
79,6.477179511079884,1.4271635920781396,1.1550364094434369,-0.24967844843578688,0.9683288038609086,3.172142208825449,86.8278577911743,1,1,1,1
80,6.68143043156898,1.5016608321449267,1.175230463544512,-0.24924597194049394,0.9684402126468306,3.321251954634197,86.67874804536558,1,1,1,1
81,6.721843642038209,1.5258062787838214,1.1822500804959708,-0.2506463896222196,0.9680787092841917,3.3399017884636315,86.66009821153627,1,1,1,1
82,6.730253174467219,1.5436342714586841,1.1880492634050739,-0.24523827712452753,0.96946283447742,3.193976631683233,86.80602336831686,1,1,1,1
83,6.679352686985382,1.5278859557048003,1.1843042476580332,-0.24968092051432159,0.9683281664451988,3.52534371717043,86.47465628282964,1,1,1,1
84,6.490864424557866,1.6018274191920356,1.2166082646840948,-0.2437664441116073,0.969833965545228,3.4231359164047936,86.57686408359491,1,1,1,1
85,6.757340587005952,1.500928083764036,1.172706285371455,-0.24874120391117785,0.9685699837785694,3.47120788381915,86.52879211618074,1,1,1,1
86,6.970144678719263,1.5309237133132345,1.176464013271131,-0.24879570487648503,0.968555985596606,3.4470027302494475,86.55299726975056,1,1,1,1
87,6.925563337551214,1.5471833370251642,1.1831241404388593,-0.24651839225297317,0.9691381131092767,3.496743637957926,86.50325636204207,1,1,1,1
88,6.666770950505981,1.5075164547975741,1.1776948663758189,-0.2470368621745703,0.9690060829153461,3.311431906787891,86.68856809321213,1,1,1,1
89,6.660212123821051,1.5342772390731123,1.1871162999527962,-0.2482575278390864,0.9686940692866995,3.313411618312459,86.6865883816876,1,1,1,1
90,6.6537657819951335,1.5296873953498473,1.1857447282076605,-0.24887787819184748,0.9685348737896452,3.4549183181389767,86.54508168186102,1,1,1,1
91,6.776397148362259,1.4898092758530157,1.1683792118034722,-0.246645665502872,0.9691057298812372,3.2843406982515466,86.7156593017483,1,1,1,1
92,6.525951047533246,1.4696262235989783,1.1687523623602574,-0.24737897581757456,0.9689188006863361,3.3989589206779702,86.60104107932214,1,1,1,1
93,6.662805307343242,1.5031544979347324,1.1763130804213042,-0.251148557406818,0.9679485534430403,3.455265092335424,86.54473490766476,1,1,1,1
94,7.283439054740631,1.4903850617243464,1.1551431520710878,-0.25036171976979477,0.9681523688314309,3.299935305158065,86.70006469484186,1,1,1,1
95,6.914365444294228,1.436335812562235,1.146752434479101,-0.2510761909093381,0.967967327113089,3.2487440027446,86.7512559972554,1,1,1,1
96,6.540416170710026,1.5019493764316234,1.1797204121851987,-0.24741398181631513,0.9689098624752438,3.3368473345023237,86.66315266549759,1,1,1,1
97,6.570841923948539,1.4929252555282422,1.1755914113661006,-0.24797425641137474,0.9687666221320932,3.160128921044886,86.83987107895518,1,1,1,1
98,6.986548708783142,1.5094590368266303,1.1689774953521137,-0.24925820863424047,0.968437063225303,3.2350651827489068,86.76493481725107,1,1,1,1
99,6.817605201671084,1.4355510666443594,1.1489009022737833,-0.2514140191733663,0.967879636609374,3.3805368098811415,86.61946319011892,1,1,1,1
100,6.2910281502310585,1.540539138210031,1.2022124278523094,-0.24822147942141937,0.9687033070831552,3.730929778281007,86.2690702217189,1,1,1,1
101,6.974939884831132,1.4506630023348972,1.1499977196666777,-0.24895135871636598,0.9685159890230389,3.1795122265247935,86.82048777347518,1,1,1,1
102,6.685379961740388,1.6147471347039404,1.2137562733139304,-0.24979304115420878,0.9682992495044762,3.225817448924502,86.77418255107536,1,1,1,1
103,7.031656121810249,1.4880254970213453,1.1607689124779597,-0.25049770497629303,0.9681171932166116,3.3975117566074458,86.60248824339253,1,1,1,1
104,6.955121002256055,1.4879442842976156,1.1627809876732367,-0.2510492072517418,0.9679743258673092,3.3711817344833226,86.62881826551664,1,1,1,1
105,7.150133069091035,1.4405144934251053,1.142522448788111,-0.24949556981835092,0.9683759397264146,3.390139761680147,86.60986023831988,1,1,1,1
106,7.158379941248,1.494061715330163,1.159425750304813,-0.2517020191743727,0.9678047806988471,3.162006083293229,86.83799391670661,1,1,1,1
107,6.780056914393905,1.5288284887285586,1.1814648338827285,-0.2458033927328911,0.9693197058354897,3.407525815313077,86.59247418468684,1,1,1,1
108,6.513506291266642,1.4739512396819396,1.170662612824182,-0.24567648970020586,0.9693518774978385,3.1662822725247537,86.83371772747493,1,1,1,1
109,6.5564658644657285,1.5619499274251512,1.2002209372087502,-0.24579591309571658,0.9693216025166481,3.137184248119902,86.86281575187992,1,1,1,1
110,6.832836262305806,1.570539772435287,1.1937762927221407,-0.2460689667927403,0.9692523219376642,3.392756315494788,86.60724368450508,1,1,1,1
111,6.832309131667184,1.4717491028584608,1.1607194522438196,-0.24554059002889408,0.969386310326416,2.9791412233209535,87.02085877667902,1,1,1,1
112,6.8087670085973,1.4323998817112813,1.1480579523302474,-0.2507323059552487,0.9680564605178583,3.507093704095615,86.49290629590419,1,1,1,1
113,6.819404852895991,1.5538991580761232,1.1886537111516977,-0.25131321002412743,0.9679058169405579,3.457018690833056,86.54298130916676,1,1,1,1
114,6.6243100539709445,1.3982367459254095,1.140906218809126,-0.24955086132815082,0.968361692556236,3.603343388149213,86.39665661185064,1,1,1,1
115,6.83375290729011,1.5571002658959576,1.1892660575765606,-0.24937245434243652,0.9684076512580997,3.471381496307657,86.52861850369223,1,1,1,1
116,6.7360107288795295,1.5949948621157009,1.2052509947896652,-0.24682545258474725,0.9690599547790294,3.401546965765286,86.59845303423451,1,1,1,1
117,6.735569441252576,1.4918915645833204,1.1702708328056464,-0.24820073145495072,0.9687086233255217,3.2176992030981113,86.78230079690157,1,1,1,1
118,6.470108330298713,1.5045397702819472,1.1829154402267725,-0.24825582553788564,0.9686945055519326,3.322040170446381,86.67795982955357,1,1,1,1
119,6.460730699428881,1.5431491886847108,1.1969803586210117,-0.24478656065553908,0.9695769900953881,3.183675347296083,86.81632465270387,1,1,1,1
120,6.7138886344193205,1.5040714770148387,1.1750747531947103,-0.2498250024931427,0.9682910038461068,3.438396485507111,86.56160351449277,1,1,1,1
121,6.670101643394783,1.5761105018476067,1.2011335221099912,-0.2492752270847101,0.968432682824091,3.1917851581925483,86.80821484180737,1,1,1,1
122,6.783470340504602,1.4883753415913923,1.1676908586897126,-0.2484093560036859,0.9686551459884132,3.2777316913667005,86.72226830863323,1,1,1,1
123,6.445332955670725,1.47796468506806,1.1742080343364454,-0.2487742071161703,0.9685615075325473,3.159528811866037,86.84047118813398,1,1,1,1
124,6.574658852154362,1.4680471488820923,1.16674414611455,-0.24930281309277225,0.9684255817480403,3.18373525956779,86.81626474043232,1,1,1,1
125,6.878975899597142,1.4406450041442291,1.1490679123626182,-0.2497363042138758,0.9683138842119298,3.2206850773385036,86.77931492266138,1,1,1,1
126,6.600694938282093,1.4595878695199247,1.163020428965078,-0.2501271200144192,0.9682130054039205,3.3913698982634197,86.60863010173661,1,1,1,1
127,6.8235506594408655,1.4695271571039008,1.1602097217944092,-0.2497482615857908,0.9683108002262886,3.308588236773078,86.69141176322678,1,1,1,1
128,6.6349409440654,1.4517626348926984,1.1593193187820034,-0.24925372372802618,0.9684382175480855,3.286129954360173,86.71387004563977,1,1,1,1
129,6.7615698890182925,1.4339136361302862,1.1497739090337744,-0.25021791905550445,0.9681895439342098,3.3645231669716464,86.6354768330283,1,1,1,1
130,6.620103650896602,1.4398928374937041,1.1555894041734591,-0.2479101826457036,0.9687830207742979,3.194668718969698,86.80533128103019,1,1,1,1
131,6.49630276187196,1.5264382208543152,1.189819469387633,-0.2456817337642223,0.9693505484057899,3.63430894683668,86.36569105316309,1,1,1,1
132,6.560029504460699,1.3711049401332227,1.132898227174897,-0.24969887099082863,0.9683235377836819,3.3947340900367604,86.60526590996321,1,1,1,1
133,6.609690315146729,1.5636184542162146,1.1989363883178015,-0.24668396429088843,0.969095981707556,3.515418154568388,86.48458184543136,1,1,1,1
134,6.9165079890633745,1.572948633750098,1.191878574980349,-0.24707783881273013,0.9689956354739842,3.3002589199121797,86.69974108008786,1,1,1,1
135,7.051726026899692,1.5680708429098027,1.1860986579652104,-0.24775700468282705,0.9688222058925949,3.329882724044463,86.67011727595572,1,1,1,1
136,6.960020918211719,1.4870233992288486,1.1623460559777594,-0.24679514820087642,0.9690676729849713,3.4255914316259433,86.57440856837391,1,1,1,1
137,6.684198500280228,1.4995812010307257,1.1744315359071973,-0.24752084476178268,0.9688825684304643,3.282252327382607,86.71774767261742,1,1,1,1
138,6.53531841785272,1.5051801849237623,1.1810219824145558,-0.2480749210046793,0.9687408495405373,3.3250758604640005,86.67492413953592,1,1,1,1
139,7.088235281803767,1.471363969829093,1.153921569094604,-0.250664340679623,0.9680740613773565,3.2408456557742107,86.75915434422564,1,1,1,1
140,6.85303829082969,1.4694589201545596,1.1593900608857868,-0.25046106669452217,0.9681266725332187,3.369304857114419,86.63069514288551,1,1,1,1
141,6.604409880922327,1.5760966771182676,1.2034372986889073,-0.24629323364729508,0.9691953585627403,3.6290360173343723,86.37096398266564,1,1,1,1
142,6.850183558271651,1.5619442368777674,1.1903553042795392,-0.24834606200850212,0.9686713753822135,3.5817602013253906,86.41823979867459,1,1,1,1
143,7.113164020689121,1.3655391568978725,1.1191647500626494,-0.2519577905284936,0.9677382248273546,3.3109519886560133,86.6890480113438,1,1,1,1
144,6.64608174097613,1.4796677524907489,1.1686941779583457,-0.24972527107164355,0.9683167296851759,3.4186700106659527,86.58132998933397,1,1,1,1
145,6.716448368423109,1.4995987864379872,1.1734684381121971,-0.24783571226579892,0.9688020745878407,3.433834138806119,86.5661658611941,1,1,1,1
146,6.960985210763674,1.565964568711294,1.1881931367512575,-0.24531448246107262,0.969443554156123,3.2637550451106603,86.73624495488937,1,1,1,1
147,6.653515495975645,1.4872418007323738,1.1710968754050444,-0.24652523759218994,0.9691363718435678,3.085730683932374,86.91426931606759,1,1,1,1
148,6.76700006620975,1.4386309851736416,1.1512426293508322,-0.2529318840554241,0.9674840887726129,3.348911554001433,86.65108844599861,1,1,1,1
149,7.012775536190462,1.3675469011264403,1.1218002033021712,-0.2510810706707215,0.9679660613631265,3.233890333001569,86.7661096669983,1,1,1,1
150,6.514546130716938,1.5625219363497418,1.2019128783589699,-0.24562616586600275,0.9693646303852677,3.5518336236868975,86.44816637631303,1,1,1,1
151,6.532689853355559,1.5167675558420315,1.1851895758486133,-0.24679753719969558,0.9690670645688898,3.251565607769391,86.7484343922305,1,1,1,1
152,6.718071225071077,1.5314265150456436,1.1842843902428621,-0.2480872238461302,0.9687376989486473,3.3742879109435417,86.62571208905644,1,1,1,1
153,6.493875072022753,1.52517956136883,1.189456019881307,-0.2466468580098539,0.9691054263772683,3.3121378898012277,86.68786211019892,1,1,1,1
154,6.5129601706662275,1.5041713470511322,1.181387015942414,-0.24880320927787258,0.9685540578888878,3.6157986791034897,86.38420132089641,1,1,1,1
155,6.700548889655883,1.640980837292464,1.2220761499628041,-0.24607401715628294,0.969251039762439,3.5112088127998513,86.48879118720016,1,1,1,1
156,6.517994814076079,1.403801784189207,1.145578561018978,-0.24860150256252758,0.968605850139082,3.0641044302285243,86.93589556977136,1,1,1,1
157,6.69863746787906,1.4750286199707847,1.1655661076710169,-0.2506371168549046,0.968081110059824,3.5013446554153114,86.49865534458458,1,1,1,1
158,6.515896197829391,1.4625410253609428,1.166540924821936,-0.24810282353983615,0.9687337038379336,3.249063158703275,86.75093684129654,1,1,1,1
159,6.85181710020266,1.5396923981949755,1.1828972547284677,-0.24765134773914507,0.9688492194159962,3.265673551935722,86.73432644806421,1,1,1,1
160,6.520912669453526,1.4800563363915487,1.1725997253402796,-0.24730302632258538,0.9689381885196242,3.088031313514002,86.9119686864858,1,1,1,1
161,6.461752748363224,1.5622103625995776,1.2037132691833048,-0.24578237565882805,0.9693250351742201,3.226478642517423,86.77352135748264,1,1,1,1
162,6.810407646743385,1.4733205231305153,1.1618476245725091,-0.2494208228451225,0.9683951947068212,3.452365859984082,86.54763414001589,1,1,1,1
163,6.822715203493312,1.5170209085679998,1.176198358388904,-0.24797803083863154,0.9687656559877599,3.4506319045831177,86.54936809541678,1,1,1,1
164,6.796057035029957,1.5234152056962345,1.179149806940473,-0.24699977631729828,0.9690155367687376,3.2126428171163575,86.78735718288344,1,1,1,1
165,6.548596193359307,1.5208370852127677,1.1860967800505324,-0.24837756408972336,0.9686632983946772,3.5214707481342287,86.4785292518656,1,1,1,1
166,6.850959122641936,1.5949116146459443,1.2012744025836237,-0.24849856605254128,0.9686322639009248,3.4113689515835217,86.58863104841656,1,1,1,1
167,6.681472284168608,1.5609204835299835,1.1955499622224535,-0.24850469136814693,0.9686306924561199,3.7559182180183637,86.24408178198169,1,1,1,1
168,6.922200564075924,1.5020938934620491,1.1683531754877219,-0.24958291249134998,0.968353432271676,3.104710929096324,86.8952890709033,1,1,1,1
169,6.7134607158554065,1.49272474740316,1.171205272937379,-0.24888154750676084,0.9685339309031151,3.1138609546168263,86.88613904538309,1,1,1,1
170,6.7735968094014325,1.4638552794265258,1.1596510725093456,-0.24895425335060506,0.9685152449696611,3.0557346870844393,86.94426531291539,1,1,1,1
171,6.610544085834527,1.4095995728014967,1.1452365638109006,-0.24672494575976434,0.9690855489273594,3.112527962707356,86.88747203729265,1,1,1,1
172,6.214907776865365,1.4302692108943287,1.1638993358123393,-0.24612652777143804,0.9692377068228286,3.280175100807607,86.71982489919272,1,1,1,1
173,6.031901117140137,1.428602788778025,1.169127176224005,-0.24688420549248047,0.9690449881601715,3.5998310013532735,86.40016899864675,1,1,1,1
174,7.138556386705125,1.4842935749259947,1.156811419787066,-0.2505984087379276,0.9680911308022703,3.271190609989404,86.72880939001074,1,1,1,1
175,6.963722631362213,1.450147799855931,1.150106801520881,-0.25081113342096817,0.9680360403167277,3.3036191889332804,86.69638081106679,1,1,1,1
176,6.641319232568936,1.4786164571386795,1.1684698066733286,-0.2488881531483579,0.9685322334452269,3.758732270602561,86.2412677293976,1,1,1,1
177,6.441948284792712,1.444611613086108,1.162318153662178,-0.24715558648656627,0.9689758077828782,3.1433734406055707,86.85662655939421,1,1,1,1
178,6.618541968585136,1.571251034606896,1.2012644094091625,-0.2457604783437464,0.9693305872014216,3.481146506465035,86.51885349353489,1,1,1,1
179,6.645338625934023,1.5159454341764114,1.1812722397086826,-0.24649147616864772,0.9691449593204315,3.4323056533015395,86.5676943466983,1,1,1,1
180,6.907594681595257,1.5539391904503455,1.1859001051837594,-0.24646384642684713,0.9691519862253205,3.379635843444025,86.62036415655594,1,1,1,1
181,7.117510120268948,1.5552329941713607,1.1800394476459088,-0.248295059656831,0.9686844498339026,3.2865841589233025,86.71341584107641,1,1,1,1
182,6.843143795195639,1.4728043533469608,1.1607794915628786,-0.24778197771742,0.9688158191929175,3.257102829101968,86.74289717089798,1,1,1,1
183,6.657670251506458,1.4803309162650145,1.1685830093860872,-0.24774617223618353,0.968824976010796,3.300764991171568,86.6992350088283,1,1,1,1
184,6.67805887464618,1.4485900785088108,1.157028136936656,-0.25005055531197984,0.9682327818185927,3.219035872708384,86.78096412729147,1,1,1,1
185,6.967123024674445,1.3987621212237213,1.1330588462578504,-0.2520816293568199,0.967705974013187,3.417592600069264,86.58240739993069,1,1,1,1
186,6.842188723749043,1.550447780325471,1.1867807806627808,-0.24739295974455583,0.968915230280146,3.342040197343065,86.6579598026568,1,1,1,1
187,6.433417126139772,1.4767706917630739,1.1741547706297284,-0.24887807762343736,0.968534822543032,3.5421443441246097,86.45785565587538,1,1,1,1
188,6.7604136044225935,1.5394693703608413,1.1856738445463215,-0.24673941903382932,0.9690818639799468,3.1982132940496766,86.8017867059502,1,1,1,1
189,6.607233312355426,1.4904289608591803,1.1735992388758265,-0.24960783755154026,0.9683470077574692,3.358184534207052,86.641815465793,1,1,1,1
190,7.076078433645433,1.5292627996743997,1.1729000995854002,-0.24437908992651086,0.9696797720931845,3.2662897764038634,86.73371022359608,1,1,1,1
191,6.823181026129644,1.4363745627156168,1.1490380354785736,-0.24798719289388868,0.9687633107011274,3.5125124845274356,86.48748751547241,1,1,1,1
192,6.832661361632585,1.4342319967950345,1.1480759744999505,-0.2485759264239558,0.9686124141277935,3.2080657369163577,86.79193426308366,1,1,1,1
193,6.961856654957492,1.4552032971304996,1.151820144632545,-0.24750861439398533,0.9688856928455336,3.3702299298494363,86.6297700701504,1,1,1,1
194,7.022719060336143,1.4887657374989451,1.1612453853128728,-0.2508616710822601,0.9680229449666036,3.392759088424313,86.60724091157577,1,1,1,1
195,6.811868174223448,1.5770119178968336,1.1966252144235638,-0.24820765588043495,0.9687068491356605,3.615062027587317,86.38493797241267,1,1,1,1
196,6.5767600710806065,1.511189947768899,1.1818010939139685,-0.24563144618803437,0.9693632923953612,3.162730013344901,86.83726998665517,1,1,1,1
197,6.99342173601954,1.4056768494032212,1.1347566455414704,-0.25056403150721024,0.9681000289819507,3.3801807943712854,86.61981920562853,1,1,1,1
198,6.54456744222256,1.5206282933327464,1.1861562855674646,-0.24877952283130167,0.9685601421800454,3.5487358636713338,86.45126413632863,1,1,1,1
199,6.956395221674001,1.4607888689481998,1.1538002797356757,-0.24959109001934016,0.9683513245630212,3.3697027036675564,86.63029729633244,1,1,1,1
200,6.67359510489641,1.4411559027545682,1.1545773708017615,-0.2465372428608802,0.9691333179096441,3.059158228074033,86.94084177192583,1,1,1,1
201,6.531660029926497,1.495850907610264,1.1778484042354362,-0.2454759241777997,0.9694026875602602,3.3537210859986804,86.6462789140012,1,1,1,1
202,6.849800022990458,1.5239932069159396,1.1777231215233652,-0.24720361554657216,0.9689635557959353,3.468483056055635,86.53151694394423,1,1,1,1
203,6.651482781571686,1.4512064178489288,1.1586658127096714,-0.24836837609717996,0.9686656542661404,3.3543902498587497,86.64560975014119,1,1,1,1
204,6.46430999087472,1.634923137876565,1.2292934046816333,-0.24432874209641273,0.9696924593836876,3.234900663638106,86.76509933636193,1,1,1,1
205,6.442082658323336,1.5685546795459941,1.2066914740057082,-0.24530935004040735,0.969444852883728,3.5212350185959043,86.47876498140397,1,1,1,1
206,6.807242500069686,1.5391433520002695,1.184092901755295,-0.24672468208567183,0.9690856160575928,3.4735178802559026,86.52648211974413,1,1,1,1
207,6.823726803385725,1.5353805994410903,1.1823210039347762,-0.24582488642514183,0.9693142551381704,3.4585543038497635,86.54144569615003,1,1,1,1
208,6.915254249932554,1.492823765289922,1.1654794611598263,-0.24953058360190122,0.9683669179847558,3.424263659412646,86.57573634058734,1,1,1,1
209,6.822046043651107,1.5520712731607267,1.1879584869578932,-0.2490053317625012,0.9685021139645729,3.468507482748973,86.53149251725107,1,1,1,1
210,6.850478148969307,1.559865455632115,1.1896545576551703,-0.2484536566485819,0.9686437841115527,3.3495888248401524,86.65041117515976,1,1,1,1
211,6.493334322073403,1.5203200395060013,1.1877524370570922,-0.24901879481998326,0.9684986524649392,3.4485876180928714,86.55141238190699,1,1,1,1
212,6.646868128565659,1.5209205354849595,1.1829420895870684,-0.2451374334677942,0.9694883386162118,3.4385532061946105,86.56144679380533,1,1,1,1
213,6.949265048505497,1.5815633919211134,1.1936570921400746,-0.24859913267262707,0.9686064583897929,3.201709459367774,86.79829054063224,1,1,1,1
214,6.925160577527505,1.6045791282633692,1.201969046569854,-0.24641097722150734,0.9691654297924279,3.303732422588403,86.6962675774116,1,1,1,1
215,6.971502301773576,1.5399583449937193,1.1793784197374257,-0.2461866751144199,0.9692224311251298,3.5377536374476226,86.46224636255239,1,1,1,1
216,6.977185156643543,1.5675266385093765,1.188200943269554,-0.2427338420615741,0.9700929243727255,3.3302530130460664,86.66974698695401,1,1,1,1
217,6.945601467646006,1.5885104256232632,1.196044226139315,-0.2494664298791623,0.968383446968888,3.498510592732869,86.50148940726709,1,1,1,1
218,7.019126061855884,1.5827693417718487,1.191840865322039,-0.2489522790363997,0.968515752459702,3.5268212289060292,86.47317877109379,1,1,1,1
219,6.802502059540531,1.4767377365614573,1.1632196412058282,-0.24871691977123508,0.9685762199329019,3.3063527061596827,86.69364729384013,1,1,1,1
220,6.835997544442396,1.4766719867664282,1.1622732175001698,-0.2520724391805736,0.9677083679526369,3.4298155126143905,86.57018448738536,1,1,1,1
221,6.393180825236002,1.454362513189067,1.167307697039383,-0.24694424994364333,0.9690296886162835,3.7641437698381663,86.23585623016183,1,1,1,1
222,7.0842231354062255,1.3767182948780714,1.1233615403551613,-0.2514536591553598,0.9678693389592317,3.325449475996085,86.67455052400366,1,1,1,1
223,6.554974728843621,1.5365899012289719,1.1914065780430798,-0.24786252277700846,0.9687952156171175,3.2615099837452712,86.73849001625447,1,1,1,1
224,6.913842654870619,1.456161957549347,1.1533567893375647,-0.25015720594218493,0.9682052325386387,3.2784683232370853,86.72153167676308,1,1,1,1
225,6.507548910733674,1.4479116099034222,1.1615849699429248,-0.24744449826593723,0.9689020694982123,3.1809161069259484,86.81908389307405,1,1,1,1
226,6.733667720087164,1.509111533263166,1.1761975024764408,-0.2486430485355424,0.9685951860374652,3.386490405705346,86.61350959429444,1,1,1,1
227,6.847146486834924,1.488939912496677,1.1660792372124353,-0.2505252421433494,0.968110067631267,3.3486469263843883,86.65135307361547,1,1,1,1
228,6.519561078025533,1.4747701680705572,1.170768385066488,-0.2475414361891884,0.9688773076965906,3.230101755833274,86.76989824416673,1,1,1,1
229,6.873717792820612,1.5297301768351235,1.1789177959428192,-0.24751053986477423,0.9688852009685399,3.379282458045551,86.62071754195439,1,1,1,1
230,6.640223382489575,1.533746712882797,1.1875845211577023,-0.2476923083623566,0.9688387483880521,3.280585240623039,86.71941475937689,1,1,1,1
231,6.622938019075278,1.4488018612061555,1.1586219895280416,-0.24829097284908544,0.9686854973631301,3.299921676712791,86.70007832328716,1,1,1,1
232,6.470891580951694,1.5235699067917705,1.1896649591247728,-0.24618317880696244,0.969223319195581,3.5079822132297687,86.49201778677032,1,1,1,1
233,7.205594501254449,1.4977192324728799,1.159384553375239,-0.2499037239279268,0.9682706898212683,3.2636536900683444,86.73634630993143,1,1,1,1
234,6.62206062643659,1.4485832366335494,1.1585701276672138,-0.24977007313962205,0.9683051742936356,3.4387294471383245,86.56127055286147,1,1,1,1
235,6.768012994012638,1.4706810209554,1.1621243042368234,-0.24932022219804678,0.9684210999369627,3.394507406982445,86.60549259301739,1,1,1,1
236,6.839540022025263,1.4648537435550022,1.158206492022135,-0.2505232275451301,0.9681105889620105,3.211182496386286,86.78881750361384,1,1,1,1
237,7.1573358841912,1.5026379358950437,1.162183976049592,-0.24681037871588912,0.969063794060081,3.212784520112753,86.78721547988728,1,1,1,1
238,6.812478235918879,1.4834529799626768,1.1652071186819697,-0.25145018689701254,0.967870241049624,3.646661581186501,86.35333841881348,1,1,1,1
239,6.716146195852268,1.4950427429270172,1.1719191207420308,-0.24946324490594168,0.9683842674481025,3.382633219396815,86.61736678060291,1,1,1,1
240,6.868261113011773,1.3762461113279714,1.127705897114459,-0.24887542292305337,0.9685355047002,3.2602633852445604,86.73973661475533,1,1,1,1
241,6.490231085054539,1.511618403271421,1.1847695804001668,-0.24843066829592692,0.9686496802508322,3.421598458534845,86.57840154146508,1,1,1,1
242,6.756157505339462,1.4791531559776017,1.16533802388,-0.2497051487376961,0.9683219189370265,3.6459912445237626,86.35400875547622,1,1,1,1
243,6.940971421349183,1.477425494471269,1.1596917550718073,-0.24997090988718976,0.9682533471205614,3.1583007045501184,86.84169929544994,1,1,1,1
244,6.791674755282309,1.4086414455822793,1.1404143780989224,-0.25004566949951584,0.968234043588914,3.274827456386849,86.72517254361324,1,1,1,1
245,6.772637471683467,1.5045093363688156,1.173468372794364,-0.24989895959124434,0.9682719194499103,3.4242373617796154,86.57576263822023,1,1,1,1
246,6.822963187584864,1.5287162836747343,1.1801120765493343,-0.2508214115073884,0.9680333772806811,3.699865903909911,86.30013409609005,1,1,1,1
247,6.375545683658134,1.5629994662599649,1.207194175005532,-0.2445802639813394,0.9696290499313738,3.4346681884636423,86.5653318115365,1,1,1,1
248,6.940626595014024,1.4565086926820427,1.1527881755148024,-0.24910805366840458,0.968475697990166,3.3442979896651415,86.65570201033469,1,1,1,1
249,6.751147617777685,1.473371866648872,1.163510479397958,-0.24547927356798332,0.9694018394084751,3.0410605816852225,86.95893941831463,1,1,1,1
250,6.43121424124692,1.5267900328082724,1.1921781542535401,-0.2459148366262979,0.9692914386948134,3.36823599300686,86.631764006993,1,1,1,1
251,7.170369582160262,1.486017170866538,1.1565612700826726,-0.2508507407938766,0.9680257774683293,3.4271722185007114,86.5728277814992,1,1,1,1
252,6.840510502559754,1.515512579631084,1.175165310891408,-0.24640168118701838,0.9691677932681271,3.140286400083142,86.85971359991677,1,1,1,1
253,6.46625323150208,1.4918566381117417,1.1785158066081625,-0.24724821529650892,0.9689521763393131,3.3936927874414007,86.6063072125586,1,1,1,1
254,6.643508995917486,1.485246639916909,1.1707042518609165,-0.2471563899978184,0.968975602831798,3.2471239008917436,86.75287609910824,1,1,1,1
255,6.674086337059972,1.4716323954229469,1.1651001470803293,-0.25133391498803076,0.9679004407359207,3.450174928220219,86.54982507177986,1,1,1,1
256,6.403501583499829,1.4621567518526382,1.1698160028365434,-0.24763735710210627,0.96885279550997,3.3638620087777196,86.63613799122214,1,1,1,1
257,6.398306649677234,1.4904983325975418,1.1802350471738803,-0.2469057665660482,0.9690394947763648,3.487341657760811,86.51265834223898,1,1,1,1
258,6.87190547962579,1.4258246185133905,1.1442792028918685,-0.251411833559295,0.9678802043364423,3.270812741262307,86.72918725873762,1,1,1,1
259,6.773423269327728,1.4588854416133832,1.1579668193604313,-0.2506875642830306,0.9680680477703213,3.462404959366958,86.5375950406331,1,1,1,1
260,6.650806922613981,1.5618069154801735,1.1968951034328892,-0.24519805187356147,0.9694730090917489,3.3784452738373827,86.62155472616263,1,1,1,1
261,6.929927550940988,1.5542681375061111,1.1853201979218975,-0.24820909481242515,0.9687064804430683,3.25256261875977,86.74743738124009,1,1,1,1
262,6.67588113889568,1.5129320118612297,1.1792768063619092,-0.24625268981675466,0.9692056607129435,3.154173023891277,86.84582697610881,1,1,1,1
263,6.908553227557988,1.5716482989554537,1.1917041375643982,-0.24924859981579744,0.9684395363107933,3.639009255013139,86.36099074498668,1,1,1,1
264,6.720198621511023,1.5580663676991964,1.1932816543864957,-0.24683033323935127,0.9690587116335888,3.51243841858753,86.48756158141228,1,1,1,1
265,6.567198463482018,1.4267834711427547,1.1524249589801783,-0.24527899974873113,0.9694525322481045,3.400873389699741,86.59912661030023,1,1,1,1
266,7.018849151435504,1.4532990552832683,1.1497769406811578,-0.24767584193318146,0.9688429580291584,3.3559430456293415,86.64405695437073,1,1,1,1
267,7.035154975521639,1.468884372515838,1.1544520841191577,-0.25277206137292857,0.9675258575300614,3.3973691622312105,86.60263083776871,1,1,1,1
268,6.625669207704874,1.5671426888473177,1.1995981629911603,-0.24381270610420663,0.9698223364834117,3.4733723936690404,86.52662760633099,1,1,1,1
269,6.656030401615833,1.66338429320647,1.2313927820053203,-0.2454871649827882,0.969399841050489,3.496531150397621,86.5034688496023,1,1,1,1
270,6.96320603737642,1.4774507921112556,1.1591122449206668,-0.24930970054674653,0.968423808677426,3.476154562580754,86.52384543741915,1,1,1,1
271,6.996107273410378,1.406810146924374,1.135069686047714,-0.2511331692490256,0.9679525459974472,3.106516273136931,86.89348372686291,1,1,1,1
272,6.863744957789988,1.5368492981843627,1.1815859197455263,-0.24527605052514015,0.9694532784197435,3.0943088341727796,86.90569116582711,1,1,1,1
273,6.707677720376787,1.4775847762027712,1.1661846751330747,-0.24761973771110257,0.9688572988298558,3.4813814442672744,86.51861855573253,1,1,1,1
274,6.250182061083116,1.4969604395851317,1.1876305784209762,-0.2472596653397359,0.9689492545515899,3.5376159827275906,86.46238401727234,1,1,1,1
275,7.089525808305098,1.51635733731791,1.16837803346765,-0.25069877226739934,0.968065145320096,3.2083007516346105,86.79169924836536,1,1,1,1
276,6.926716624155702,1.4962838019911526,1.1663073171643976,-0.25129666161330466,0.9679101135239824,2.9880039860094705,87.01199601399038,1,1,1,1
277,6.727576677022654,1.4879997795822282,1.1691754749101146,-0.24984828420435767,0.9682849967236601,3.5486175193424474,86.45138248065747,1,1,1,1
278,6.775638730971382,1.5124374144786839,1.1760619281767293,-0.2491953994456717,0.9684532270043361,3.345604282912548,86.65439571708747,1,1,1,1
279,6.715291160549166,1.5002006294259627,1.1737088638255924,-0.24595208662048726,0.969281987394292,3.2223768159715056,86.77762318402833,1,1,1,1
280,6.543560550202634,1.50907209290198,1.1821266293896218,-0.2469085795676342,0.9690387780351689,3.6680181613972387,86.33198183860276,1,1,1,1
281,7.084958950314773,1.5173272368543156,1.1688145660460512,-0.25058231169025313,0.9680952975136119,3.2199268688630176,86.78007313113693,1,1,1,1
282,6.854668957025565,1.5314939338535736,1.1800783538122506,-0.24778771854796386,0.968814350913938,3.4449197548366604,86.55508024516334,1,1,1,1
283,6.9098082436427255,1.5182915892543634,1.1740617095651191,-0.25040813448705607,0.9681403649175632,3.4740541749530713,86.52594582504676,1,1,1,1
284,6.784812223695453,1.4952057969985517,1.1699634309565237,-0.25064226840854065,0.9680797763030798,3.1103008163629227,86.88969918363715,1,1,1,1
285,6.814889357280809,1.5161250915966764,1.1761308621970068,-0.24727561462424102,0.9689451844207719,3.4588666509578565,86.54113334904208,1,1,1,1
286,7.080469289613598,1.4440600802905514,1.1452862422258112,-0.25078769424646336,0.9680421129344231,3.2948257354244634,86.70517426457555,1,1,1,1
287,6.759416544226555,1.5040036161488946,1.1736888899563582,-0.24783165725799203,0.9688031119173582,3.2927399665342825,86.70726003346557,1,1,1,1
288,7.0112482525364195,1.453714826118724,1.1501001763982734,-0.24823970015870714,0.9686986380010633,3.47046023172842,86.52953976827153,1,1,1,1
289,6.799942624867485,1.588939007556587,1.2010118283909776,-0.24617849575904546,0.9692245086799104,3.5066035855527646,86.49339641444732,1,1,1,1
290,7.101596975394193,1.5529149190496023,1.1797600091425684,-0.24865041844941613,0.9685932941151979,3.1170491821695236,86.88295081783049,1,1,1,1
291,6.352007451427607,1.5261028010626358,1.1947186270809849,-0.24703869260679448,0.9690056162660389,4.020709644336376,85.97929035566364,1,1,1,1
292,6.850740589675401,1.479977879874837,1.1629773782965525,-0.2471762346294479,0.9689705408496216,3.0926598778629337,86.90734012213697,1,1,1,1
293,6.661689870732918,1.5156183454773209,1.180644645407917,-0.25025849289108115,0.9681790571665372,3.6293187085287286,86.37068129147102,1,1,1,1
294,6.713897800377323,1.5885320286040758,1.203837676332973,-0.24519358397351285,0.9694741390971828,3.2918438348820915,86.70815616511788,1,1,1,1
295,6.791032706552615,1.5153479979332236,1.1765829595238955,-0.25095312916333357,0.9679992391335497,3.200444924236104,86.79955507576373,1,1,1,1
296,6.524749772022383,1.5243584641474819,1.1881269565566976,-0.24627204380148238,0.9692007431083826,3.437650810130404,86.56234918986941,1,1,1,1
297,6.388350716065849,1.4157003661091987,1.1533830504722449,-0.24900612591783486,0.9685019097840702,3.2114773343418803,86.78852266565823,1,1,1,1
298,6.700506195305242,1.5290136945351704,1.184017587270347,-0.24618405338390856,0.9692230970522054,3.3816390861635566,86.61836091383638,1,1,1,1
299,7.081619151564704,1.4878990012784004,1.1594242958528016,-0.24719884609610615,0.9689647725736749,2.9829316037804805,87.01706839621936,1,1,1,1
300,6.925332632353044,1.5407239442450422,1.1810052443679668,-0.2465708639206037,0.9691247644475127,3.448771954674994,86.55122804532503,1,1,1,1
301,6.646809159123237,1.4898886977325647,1.1722137646039577,-0.24821622585143507,0.9687046532478666,3.231487529045687,86.76851247095446,1,1,1,1
302,6.86816300848867,1.4713552558063663,1.1596184634624769,-0.24739596341578626,0.9689144633483262,3.3228138231785564,86.67718617682152,1,1,1,1
303,6.513478454536271,1.4493082582479901,1.161910149466842,-0.2463746025544735,0.9691746773498187,3.5039254091912975,86.49607459080858,1,1,1,1
304,6.488255364615947,1.5136639207135132,1.1855611354268865,-0.24778107498384253,0.9688160500734136,3.4013746785508836,86.59862532144899,1,1,1,1
305,6.933843194749841,1.4181680437904984,1.1402469061142795,-0.2509479370094894,0.9680005851809601,3.312271259122256,86.68772874087763,1,1,1,1
306,6.3987784685711295,1.4915833820782636,1.180611674924025,-0.24539067611274992,0.969424270418751,3.4336151655530567,86.56638483444696,1,1,1,1
307,6.7802277459101115,1.621405281379716,1.21255408491996,-0.24722560193188253,0.9689579463265774,3.3943172251368803,86.60568277486296,1,1,1,1
308,7.121296485581441,1.5041376462714615,1.163606256006906,-0.24766681555518436,0.9688452654953496,3.1366400387842726,86.86335996121561,1,1,1,1
309,6.569760618815594,1.4865240720972386,1.1733790526174757,-0.24830184230805044,0.9686827112664023,3.3686038371917277,86.63139616280841,1,1,1,1
310,6.787655450042083,1.4175725832515518,1.1435504197584205,-0.2531297196178457,0.9674323464957078,3.2842309821408477,86.71576901785913,1,1,1,1
311,6.608753179978603,1.4764312009793723,1.1686714010274786,-0.2461678289120687,0.9692272179467096,3.178170627649086,86.82182937235099,1,1,1,1
312,7.293005490213622,1.453445390468614,1.143366557674273,-0.2494698534630741,0.9683825650088462,3.316851744984112,86.68314825501555,1,1,1,1
313,6.6146917792663205,1.5489187585062982,1.1936782707099343,-0.24708395934385058,0.9689940748193285,3.3303245768888132,86.66967542311124,1,1,1,1
314,6.981823763343558,1.4630745609916602,1.1539048848870856,-0.25268072729622537,0.9675497145124122,3.6628188768903294,86.3371811231095,1,1,1,1
315,6.257066470641608,1.5579576210222357,1.2099050753758502,-0.24419185536606797,0.9697269397994867,3.5072501760062766,86.49274982399352,1,1,1,1
316,6.979173140739118,1.4953025315477777,1.1645467875502855,-0.24970740035041825,0.9683213383016176,3.0942199107968036,86.90578008920322,1,1,1,1
317,6.677342820153976,1.431371479011697,1.1510901900376076,-0.24575295609712616,0.9693324943328394,3.3236761567689754,86.67632384323088,1,1,1,1
318,6.834821586089902,1.4958232567658174,1.1687347479759536,-0.2510961782568087,0.9679621424750169,3.378083501456437,86.62191649854341,1,1,1,1
319,6.678073846751513,1.5599171143578339,1.1953214852027445,-0.24812117908008946,0.9687290026069758,3.354395932920269,86.6456040670797,1,1,1,1
320,6.48603698332257,1.502330021481656,1.1816077482078902,-0.24709126202694814,0.968992212677651,3.3650693657042257,86.63493063429591,1,1,1,1
321,7.166022086384164,1.509005569004711,1.1639826822350323,-0.24670783188242107,0.9690899058848335,3.499568575976939,86.50043142402298,1,1,1,1
322,6.727031386035646,1.5042953109701473,1.1747555381335826,-0.24843492697637196,0.9686485880123116,3.3301890061909813,86.66981099380898,1,1,1,1
323,6.610143026852454,1.5587915890134934,1.1972507009088826,-0.24706762105219768,0.9689982407763224,3.2841524645254143,86.71584753547437,1,1,1,1
324,6.348244873262427,1.422181705331197,1.1568990501510945,-0.2480951955655662,0.9687356574098445,3.338828317048254,86.66117168295186,1,1,1,1
325,6.732385107107147,1.529102902159307,1.1830419015334102,-0.24930026114511258,0.9684262386950174,3.338140011589755,86.66185998840993,1,1,1,1
326,6.416394481284814,1.4841765812871204,1.177364600908069,-0.24686983547837454,0.9690486491043058,3.1872151881529147,86.81278481184715,1,1,1,1
327,6.7351905868849755,1.4755915017252021,1.1647175931500424,-0.24554629942105838,0.9693848641487156,3.25717564772968,86.74282435227032,1,1,1,1
328,6.683303542527044,1.5736558300299264,1.1998380701738012,-0.2475581284032009,0.9688730427984383,3.5587208914650277,86.44127910853506,1,1,1,1
329,6.621923578514387,1.5410911091449897,1.1907264507449131,-0.2486859665419245,0.9685841677650469,3.424230028664819,86.57576997133508,1,1,1,1
330,6.900214698145765,1.5595317956557786,1.1879744032476718,-0.2488966931184699,0.9685300388499523,3.63260913305642,86.36739086694351,1,1,1,1
331,7.028992605994562,1.4939826551534936,1.162776292578592,-0.25053254813078085,0.9681081769756403,3.3895673885624316,86.61043261143755,1,1,1,1
332,7.0191066535698505,1.4301985445870953,1.1422178299444499,-0.2474051657309037,0.9689121136458476,3.17391342623232,86.82608657376754,1,1,1,1
333,6.7129372916122545,1.4439010265761036,1.1544694290297126,-0.2492343905874288,0.968443193248067,3.2304313170125036,86.76956868298748,1,1,1,1
334,6.91962608447456,1.4995381839987894,1.1675801998151487,-0.2501489742987866,0.968207359328189,3.2721457225889994,86.72785427741093,1,1,1,1
335,7.031262173233083,1.5282973897922187,1.1738524515688493,-0.2470782327169909,0.9689955350348363,3.273839456250956,86.72616054374893,1,1,1,1
336,6.574341050061394,1.4986448174770879,1.1774869388475577,-0.2482841207659341,0.9686872536456165,3.5384159807770588,86.46158401922284,1,1,1,1
337,6.348915994597942,1.5798841305438691,1.2143043153115625,-0.24398249240804096,0.9697796365145849,3.235472251827092,86.76452774817288,1,1,1,1
338,6.454692133465883,1.4876275047329988,1.1773744312539078,-0.2491893864418511,0.9684547742072077,3.414740247038219,86.58525975296158,1,1,1,1
339,6.667544558336925,1.5265535335615774,1.1842234794228628,-0.2455663774870842,0.9693797781302594,3.3171444158788437,86.6828555841211,1,1,1,1
340,6.9459808977794,1.5912965575712514,1.1969418821791278,-0.24741400412643372,0.9689098567782893,3.376950619031081,86.62304938096888,1,1,1,1
341,6.803919140807203,1.5184607713855571,1.1772444879744866,-0.24711994887027372,0.9689848971322274,3.2115008575211133,86.78849914247894,1,1,1,1
342,6.684288774959909,1.4721332948741683,1.164980510787398,-0.24853301851081433,0.9686234246134579,3.4052457127303883,86.5947542872696,1,1,1,1
343,6.7718029032534055,1.5182794234200208,1.178153651957461,-0.24920231513839894,0.9684514474818354,3.3407347795071147,86.65926522049266,1,1,1,1
344,6.854405819705992,1.476945940555433,1.1618614526146336,-0.25158088810245294,0.9678362757933705,3.438679952288639,86.56132004771132,1,1,1,1
345,6.3735417047156995,1.5058689725872254,1.186627418027201,-0.2501120699326788,0.9682168933012844,3.4136694301059203,86.58633056989387,1,1,1,1
346,6.919588125034343,1.4428779108745735,1.148798444258549,-0.24877080675710528,0.9685623809055456,3.1758829602602905,86.82411703973955,1,1,1,1
347,6.602787820804281,1.5315740723815836,1.188060574780518,-0.24542812165191008,0.9694147910478854,3.236962161654492,86.76303783834557,1,1,1,1
348,6.696740978009814,1.4070331877579858,1.14217454746985,-0.2491125956489134,0.9684745297058982,3.0948414538981526,86.90515854610199,1,1,1,1
349,7.131799768788847,1.4719564204315612,1.1530307420109933,-0.2505684185326205,0.9680988935196969,3.538194961984077,86.461805038016,1,1,1,1
350,7.08466544793786,1.5455099052383483,1.177876738025527,-0.246543206368124,0.9691318008370814,3.242835950623644,86.75716404937613,1,1,1,1
351,6.593408810510079,1.509433469629211,1.1806563576290736,-0.24442810417261548,0.9696674181855246,3.253869862885083,86.74613013711496,1,1,1,1
352,6.9975660676607605,1.529520235127775,1.175212596218411,-0.24948802669096368,0.9683778831312956,3.4182156943237154,86.5817843056762,1,1,1,1
353,6.8752680359038045,1.584905990373091,1.1971538602384206,-0.24527163724083578,0.9694543949898828,3.381168502500147,86.61883149749971,1,1,1,1
354,6.793026520767133,1.5021036187605323,1.1720550614502825,-0.24883565172587901,0.9685457234587105,3.414367005299363,86.5856329947004,1,1,1,1
355,6.541052836909518,1.5023518861413372,1.1798418502255426,-0.24784045602047727,0.9688008610439826,3.506198466503184,86.49380153349676,1,1,1,1
356,6.758604368944943,1.4301166365858058,1.1485535042932657,-0.24984358931557282,0.9682862081419478,3.515191373703662,86.48480862629623,1,1,1,1
357,6.636614422073286,1.5386326807504853,1.189389782555527,-0.24546483377783124,0.9694054958470277,3.1998753260567576,86.80012467394334,1,1,1,1
358,6.721041802299201,1.4386780733830005,1.1524596216512295,-0.25008770999619506,0.9682231856906026,3.47225170968855,86.52774829031158,1,1,1,1
359,7.012085388104804,1.4260274353915736,1.141015585129828,-0.25227610904941955,0.9676552923447923,3.591494335198642,86.40850566480125,1,1,1,1
360,6.784548559155661,1.4288216823586128,1.1474541803984262,-0.24879415773811508,0.968556383013081,3.18089537825776,86.81910462174217,1,1,1,1
361,6.562202610421599,1.41094512463949,1.1469612609413098,-0.24725658640215284,0.9689500402398231,3.4176664107669814,86.58233358923293,1,1,1,1
362,6.337133801289745,1.5093685753041415,1.1891542822374002,-0.24708924811416375,0.9689927262195404,3.7173272257180714,86.282672774282,1,1,1,1
363,6.9010123994649994,1.5051288002431313,1.1699553900362771,-0.24829921577838315,0.968683384519338,3.186479832034839,86.8135201679651,1,1,1,1
364,6.755829213363732,1.5245214938440586,1.180756408186369,-0.2482188148520509,0.9687039898511016,3.124975988218928,86.87502401178111,1,1,1,1
365,6.942479411236145,1.4390314627311716,1.1469582254323134,-0.25418486413684027,0.9671556518181219,3.4506416131909483,86.54935838680903,1,1,1,1
366,6.751723653834372,1.5371665368007232,1.1851694732127152,-0.24694471180547262,0.969029570916859,3.530461773938438,86.46953822606166,1,1,1,1
367,6.306993366814726,1.476307659740594,1.1780675111401135,-0.24789270821472947,0.9687874922881525,3.473335845523996,86.52666415447585,1,1,1,1
368,6.855240255295917,1.518898518739561,1.1758612693142143,-0.24738275728627926,0.9689178352148535,3.5852853491202636,86.41471465087973,1,1,1,1
369,6.989871908477639,1.473043075610533,1.1569686510272448,-0.24938287254077404,0.9684049684317569,2.9630924550563917,87.0369075449436,1,1,1,1
370,6.742321855313357,1.5553823024452038,1.191642084032685,-0.24817510680138263,0.9687151884656925,3.3413994507755085,86.65860054922449,1,1,1,1
371,6.824922734590089,1.4624228927320382,1.1577795424372581,-0.2494561233142704,0.9683861019970368,3.2730493791131043,86.72695062088683,1,1,1,1
372,6.658788658998499,1.47913193698816,1.168135437304755,-0.24783167577779047,0.9688031071797676,3.2848292630940903,86.71517073690589,1,1,1,1
373,6.914140228386793,1.5673868338490429,1.190124760842754,-0.24892204597495962,0.9685235232185329,3.17445140777561,86.8255485922242,1,1,1,1
374,6.729194327397905,1.466764953184486,1.1618682029744585,-0.24696469009697694,0.9690244794871304,3.2390516959373676,86.76094830406257,1,1,1,1
375,7.215370990231165,1.4803009324080385,1.1536351669684723,-0.25170599661190196,0.9678037462572714,3.4912729978238914,86.50872700217606,1,1,1,1
376,6.745009099861942,1.5052819138189184,1.1745526666439547,-0.24452897279524746,0.9696419862318779,3.193304778415054,86.80669522158496,1,1,1,1
377,6.776267336205296,1.5090295524669153,1.1748904323098277,-0.2473413541671224,0.9689284052595291,3.3821458775690987,86.61785412243081,1,1,1,1
378,7.026760179466757,1.5446547679626195,1.179281228096899,-0.24662318696263383,0.9691114505836745,3.4604141640911177,86.53958583590878,1,1,1,1
379,6.9457672181056775,1.4950052272466916,1.165360627970976,-0.24779538488305694,0.9688123901100035,3.5206487398413975,86.4793512601585,1,1,1,1
380,6.7883396517561865,1.506777554461524,1.1737709098796576,-0.2461001333167626,0.969244409001915,3.194568832531265,86.80543116746844,1,1,1,1
381,6.719266017900467,1.4378556860355591,1.1522238375652984,-0.2502346194218425,0.9681852277548989,3.400419289017674,86.59958071098228,1,1,1,1
382,6.907653477265326,1.614684126024446,1.2058687902536895,-0.24932582109145257,0.9684196584833834,3.5062028886236556,86.49379711137614,1,1,1,1
383,6.97128629028268,1.5471253734141406,1.1817264450550327,-0.24663754108601224,0.969107797578291,3.3026764747856654,86.6973235252143,1,1,1,1
384,6.785808251401002,1.5243674364301474,1.1797831732795616,-0.24851633168840612,0.9686277060275212,3.256748050559399,86.74325194944066,1,1,1,1
385,7.146941199350513,1.6036284486374064,1.1945237847740011,-0.2469944291356037,0.9690168997370361,3.6124177427945905,86.38758225720537,1,1,1,1
386,6.334635366672254,1.5292944266855886,1.1965025340117477,-0.24714563081741275,0.968978347109915,3.3069217857187225,86.69307821428136,1,1,1,1
387,6.945120854710359,1.5142683078948753,1.1717202347802451,-0.24892581486084914,0.968522554562289,3.259347227658569,86.74065277234133,1,1,1,1
388,7.1528707794328295,1.5039925797310105,1.162731699453594,-0.24946156639539255,0.968384699843795,3.446106146571732,86.5538938534281,1,1,1,1
389,6.976476680681295,1.3796188332167172,1.1265271771089622,-0.25148752459535195,0.9678605400432968,3.177257951826999,86.82274204817293,1,1,1,1
390,6.737164675309418,1.5005134220048224,1.1731631769937958,-0.24497949359306245,0.9695282604023912,3.2177439761684186,86.78225602383138,1,1,1,1
391,6.7232509896903965,1.4417357939976894,1.1534512064425304,-0.24778961932118804,0.9688138647628144,3.3604832603320776,86.63951673966801,1,1,1,1
392,6.512328682473505,1.5170574827182364,1.185964180455727,-0.2450252827977913,0.9695166892786644,3.360894591143077,86.63910540885668,1,1,1,1
393,6.612705896492593,1.5009970230929774,1.1771113106281554,-0.24625449424889098,0.9692052022467806,3.2247030759538973,86.77529692404597,1,1,1,1
394,6.502346997033131,1.5413339377599846,1.194878493251024,-0.24847722447352436,0.9686377387434035,3.3384242152500465,86.66157578474976,1,1,1,1
395,6.222326999520363,1.4939145930125262,1.1874780126770461,-0.24686534756486514,0.9690497924109361,3.395697637826855,86.60430236217317,1,1,1,1
396,6.8078524495152895,1.4419352024968053,1.1513093137658899,-0.2510723216483474,0.9679683307330404,3.538857270241134,86.46114272975893,1,1,1,1
397,6.483466080623011,1.4715528470653063,1.17072822484031,-0.2487775994961348,0.9685606361962789,3.0627217817300383,86.93727821826992,1,1,1,1
398,6.707935226386819,1.4344375521952777,1.1513455822515744,-0.2476919549455316,0.9688388387421617,3.3062241913771766,86.6937758086227,1,1,1,1
399,6.764711130157183,1.5579084435935606,1.1917637678961832,-0.24795066166656884,0.9687726613499735,3.516404490640995,86.48359550935886,1,1,1,1
400,6.623906909279711,1.5188658599969962,1.182964097903409,-0.2474885679744731,0.9688908136224353,3.4452514106894947,86.55474858931031,1,1,1,1
401,6.681510908978072,1.4369065809464052,1.1528952775822883,-0.24707875723540612,0.968995401290949,3.647901119291474,86.3520988807085,1,1,1,1
402,6.658822515149351,1.5013137163410528,1.1757998132429823,-0.24907166285327673,0.9684850575840102,3.1591199010477427,86.8408800989522,1,1,1,1
403,6.583398455890422,1.524655358529049,1.1862891593629081,-0.24503876532427613,0.9695132817493293,3.498536877772318,86.50146312222768,1,1,1,1
404,7.0891002140357315,1.5019226668536512,1.1637467850080931,-0.24814521381646498,0.9687228462568542,2.900826803441115,87.09917319655862,1,1,1,1
405,6.888699579228781,1.5475511896004177,1.1843726901461815,-0.24928238122186736,0.9684308413161756,3.1574713686626126,86.84252863133736,1,1,1,1
406,6.782021598444727,1.3773100072495514,1.1299580469811397,-0.2511945278642234,0.9679366245633387,3.377553807042442,86.62244619295753,1,1,1,1
407,6.956406084351996,1.578210751118854,1.1923350912840012,-0.2473893063731862,0.9689161630874953,3.202880166395836,86.79711983360414,1,1,1,1
408,6.8065406592290865,1.5275803691694376,1.180231443339438,-0.25035263304389804,0.9681547185899512,3.369289964284054,86.63071003571578,1,1,1,1
409,6.722340862911204,1.5593597329390474,1.193649975641585,-0.2464173108359362,0.9691638194445692,3.3183293093316815,86.68167069066853,1,1,1,1
410,6.703303950997361,1.4276361262954138,1.1491224642834539,-0.24685978371237763,0.9690512097848484,3.234195994993059,86.76580400500681,1,1,1,1
411,6.727150746161774,1.4613902024602836,1.1600848338196152,-0.24757850469343243,0.9688678361953006,3.4313341905087946,86.56866580949122,1,1,1,1
412,7.217632834782024,1.4660769335807013,1.1490833109220195,-0.24937718373582018,0.9684064333904391,3.6053024623989,86.39469753760102,1,1,1,1
413,6.533940584419145,1.564886646782722,1.2020482176259526,-0.24748412686290833,0.9688919480266641,3.383286546387935,86.61671345361195,1,1,1,1
414,6.780075087233396,1.572405546349458,1.196138083643005,-0.24741386273684907,0.9689098928825279,3.1166215608127867,86.88337843918694,1,1,1,1
415,6.3779462106660585,1.4880564499752476,1.1800202964148914,-0.2504135727670789,0.96813895829784,3.4218855484914124,86.5781144515085,1,1,1,1
416,6.625611954224386,1.4530922155716315,1.1600437506911185,-0.24642776832511296,0.9691611604879266,3.0635181290611784,86.93648187093888,1,1,1,1
417,6.409957262302552,1.5163640918027876,1.189170595377283,-0.24675546421872466,0.9690777785493803,3.593932581765781,86.40606741823416,1,1,1,1
418,6.890049747100374,1.5502017665960377,1.185208057898269,-0.24917549617307716,0.9684583481528262,3.5224937394012823,86.47750626059852,1,1,1,1
419,6.772782376909779,1.4304867417605571,1.1483187954434018,-0.24743576799259862,0.9689042990501759,3.101598376198948,86.89840162380094,1,1,1,1
420,6.4731397552244285,1.5286507208173323,1.191394415747674,-0.24783715660292452,0.9688017051011921,3.1022298358974494,86.89777016410267,1,1,1,1
421,6.565460657054544,1.5570737691237997,1.1982038363403817,-0.24522499556650248,0.96946619412407,3.2746100123687785,86.72538998763117,1,1,1,1
422,6.5361889222668434,1.4905198509806765,1.175824589465574,-0.24877097542479323,0.9685623375840077,3.6697866016588203,86.33021339834127,1,1,1,1
423,6.827370709682517,1.4912870265250255,1.1674236304641354,-0.24758111655581178,0.9688671687723646,3.573139111802069,86.42686088819791,1,1,1,1
424,6.481358732555111,1.4644887120131793,1.1682710824584395,-0.24660660540237647,0.9691156701714799,3.2511553698725653,86.74884463012755,1,1,1,1
425,6.863618899584004,1.4785584737777666,1.1621496563660756,-0.2484470049588607,0.9686454902217692,3.5870456575535385,86.41295434244641,1,1,1,1
426,6.649674509996657,1.4577927592253572,1.1610027503503189,-0.24817042441451234,0.9687163880341452,3.3403792183307868,86.65962078166928,1,1,1,1
427,6.6430587503032275,1.5270920880791574,1.185195028266001,-0.24648625023479342,0.9691462884648483,3.2615232504750993,86.7384767495248,1,1,1,1
428,6.845629891314752,1.4644711533633716,1.1579153053728404,-0.2506924263112561,0.9680667887032254,3.3056472660952614,86.69435273390465,1,1,1,1
429,6.831283508328705,1.5634861055117704,1.1914752178671009,-0.2456498947197645,0.96935861744979,3.4926291882007345,86.50737081179912,1,1,1,1
430,6.5545105006597275,1.6219961854003502,1.2211871563911174,-0.2450408431901107,0.9695127565786227,3.4313509478409765,86.56864905215896,1,1,1,1
431,6.552306879602933,1.482504930385749,1.1725006994087421,-0.24546783082959803,0.9694047369534625,3.362360034114503,86.63763996588546,1,1,1,1
432,6.7340439917497195,1.5074246373928808,1.1756114313180681,-0.25011356443115357,0.9682165072376855,3.5860231455279123,86.41397685447201,1,1,1,1
433,6.29777637475444,1.53632144831913,1.2004164182292325,-0.24407432444768318,0.9697565282819224,3.243934479613378,86.75606552038649,1,1,1,1
434,6.534013937125645,1.5406397313972289,1.193540744175336,-0.24641044100883017,0.9691655661247122,3.4594376888602327,86.54056231113964,1,1,1,1
435,6.687552004149502,1.5828029333522569,1.202810292235963,-0.2469301703776089,0.9690332764963672,3.5697739191371194,86.4302260808629,1,1,1,1
436,6.654730950238091,1.389327131634377,1.137049955628682,-0.24966844042168004,0.9683313843191317,3.0497277103661244,86.95027228963399,1,1,1,1
437,6.809181368497093,1.6030925550553292,1.205420247271139,-0.24565055010898998,0.9693584513641743,3.3475522505048705,86.65244774949505,1,1,1,1
438,6.837663839005334,1.5031828695642364,1.1711204815985934,-0.2480053516084826,0.9687586621927841,3.2634453371071466,86.73655466289276,1,1,1,1
439,6.374021925807657,1.4443507304232936,1.1642469747270343,-0.24944255013285468,0.9683895983452209,3.477511189945422,86.52248881005427,1,1,1,1
440,6.832246109328561,1.4982147978363802,1.1696106470928909,-0.2460935145621544,0.9692460895409621,3.223816569806881,86.77618343019296,1,1,1,1
441,6.330966192015945,1.4660956624592454,1.1735369147582337,-0.24806040559662806,0.96874456652682,3.3085400877732467,86.69145991222673,1,1,1,1
442,6.7851588193075765,1.465613601478522,1.1599323105808255,-0.24864785974114278,0.9685939509650826,3.2777736492296095,86.72222635077043,1,1,1,1
443,6.875836297205668,1.6313425547596971,1.2124419112455656,-0.24182800257348913,0.9703191316115108,3.496025757350606,86.50397424264946,1,1,1,1
444,6.4669777523908305,1.6111418606891532,1.2208163249083643,-0.2469000623762913,0.96904094815368,3.2524218536103375,86.74757814638943,1,1,1,1
445,6.730640941419571,1.5107084153458523,1.1768333573735361,-0.24722172198956166,0.9689589362694974,3.359078266366543,86.64092173363352,1,1,1,1
446,6.994425566849596,1.5176030342929543,1.1714167293819924,-0.24688531640514733,0.9690447051315694,3.411086521909872,86.58891347809006,1,1,1,1
447,6.577519489265705,1.4425761587174106,1.1577070055451049,-0.25206993298855535,0.9677090207718152,3.4514173791962883,86.54858262080361,1,1,1,1
448,6.874290490274488,1.5261094388578849,1.1776973651105582,-0.24816057846095385,0.9687189103645725,3.3851552755058547,86.61484472449416,1,1,1,1
449,6.803943993360333,1.5276986847863983,1.1803505306234943,-0.24671277419729964,0.9690886476725812,3.268820842677401,86.73117915732247,1,1,1,1
450,6.307995864823283,1.518107102178673,1.193375220177997,-0.24444258021934942,0.9696637690332184,3.163879015520745,86.83612098447922,1,1,1,1
451,6.634760328825987,1.474803154000932,1.167338325977689,-0.24879598741502856,0.9685559130200903,3.3516908948044577,86.64830910519555,1,1,1,1
452,6.528425125972886,1.446401220373646,1.1604469722149706,-0.24683500781446444,0.9690575209538561,3.0497058069322045,86.9502941930677,1,1,1,1
453,6.662280279966785,1.5497112904569919,1.1923530975699732,-0.2485502088056459,0.9686190137007789,3.501769889806004,86.49823011019389,1,1,1,1
454,6.898675644785516,1.5518334307102575,1.1854808514227324,-0.2456246111081511,0.969365024342208,3.348180481306913,86.65181951869297,1,1,1,1
455,7.208789168131767,1.5633395923198523,1.1799835055544934,-0.2502905037670737,0.9681707823127201,3.4478101448430483,86.55218985515694,1,1,1,1
456,6.689072437993178,1.5049857205850936,1.1761404902905968,-0.2478273179873813,0.9688042219453741,3.730607900270509,86.26939209972937,1,1,1,1
457,6.90627034493369,1.473271974940356,1.1592384058732657,-0.25058954897394303,0.9680934241823129,3.725524215384716,86.27447578461528,1,1,1,1
458,6.460426542570438,1.5074406419163349,1.1842698019649975,-0.24581127316052312,0.9693177074557148,3.217323021855692,86.7826769781441,1,1,1,1
459,6.648068681350162,1.5306422072525407,1.1862581148988212,-0.2473390819963171,0.9689289852807682,3.303311426152067,86.69668857384796,1,1,1,1
460,6.7362293131693445,1.4400481447926092,1.1525300274170878,-0.24702594118475335,0.9690088670294955,3.1429877489009117,86.85701225109895,1,1,1,1
461,6.662371390118603,1.3930234990164507,1.138153815311307,-0.2514321756695683,0.9678749201410619,3.286164394143057,86.71383560585708,1,1,1,1
462,6.6635899795284335,1.4775078855356445,1.1674335482220477,-0.24813359982680608,0.9687258211883227,3.269735880417992,86.73026411958196,1,1,1,1
463,6.576557920765208,1.471317183454878,1.1678362695329747,-0.24526754120794195,0.9694554312756263,3.094633166194474,86.90536683380553,1,1,1,1
464,6.86220032031923,1.4580068524184708,1.1553096323429448,-0.2512016364000713,0.967934779760458,3.468091591696541,86.53190840830344,1,1,1,1
465,6.796908133035615,1.470988663809603,1.1614308577013437,-0.24970989345655267,0.9683206953844976,3.2561476487287058,86.7438523512711,1,1,1,1
466,7.153064168767498,1.4632896796487354,1.1497393779023726,-0.2524233553512544,0.9676168919945612,3.319117188399605,86.68088281160038,1,1,1,1
467,6.782033568428512,1.522274450112448,1.179192216197747,-0.24767726872611026,0.9688425932814753,3.2509159161115284,86.74908408388836,1,1,1,1
468,6.519875611058019,1.4921152915920513,1.1769005979884004,-0.2501127395721835,0.9682167203181822,3.397698186766407,86.60230181323352,1,1,1,1
469,6.874021740231843,1.481398177338304,1.162813996178086,-0.24956300940536413,0.9683585618646319,3.4006486256671153,86.59935137433274,1,1,1,1
470,6.750279195043641,1.5584880988319678,1.192432085739013,-0.2422958052545075,0.9702024235983282,3.2102946775893204,86.78970532241065,1,1,1,1
471,6.501873372365055,1.471482832327726,1.1701404768698132,-0.24774627174344954,0.9688249505649723,3.4657705153722103,86.53422948462779,1,1,1,1
472,6.963264634214628,1.5177615745187976,1.1723510883134909,-0.24633264234305738,0.9691853431187905,2.9283488461346163,87.07165115386513,1,1,1,1
473,7.059949406786638,1.393868199083052,1.1294437691498496,-0.2520285246640678,0.9677198059126689,3.2557928723584806,86.74420712764129,1,1,1,1
474,6.558470468900146,1.4714752724958573,1.168430299285981,-0.24849479167831726,0.9686332321930471,3.6657547364286778,86.33424526357129,1,1,1,1
475,6.755174430649486,1.5111572947461693,1.176243697559207,-0.24793248051580632,0.9687773145079727,3.3763793804501563,86.62362061954974,1,1,1,1
476,6.783856482849949,1.5984035896435407,1.20473053259311,-0.24687411284286756,0.9690475594149376,3.361415040330287,86.63858495966973,1,1,1,1
477,6.470642626235103,1.518104049875878,1.1877287103927106,-0.25031733156913194,0.9681638464206919,3.633306481713643,86.36669351828624,1,1,1,1
478,6.485810344816633,1.3793342962768205,1.137638424678675,-0.2501209533031213,0.9682145984846219,3.4257518822950206,86.57424811770483,1,1,1,1
479,6.760518949283737,1.4893546835908307,1.168682224806945,-0.25154793234456824,0.9678448417660613,3.2579211140175595,86.7420788859822,1,1,1,1
480,6.928324707078475,1.4094546447027172,1.1374792063168686,-0.24813012146488964,0.9687267121442553,3.2655009711588328,86.73449902884104,1,1,1,1
481,6.770652417827218,1.5452368381460455,1.1872968152142256,-0.24788477685595212,0.9687895217244429,3.166107103120747,86.83389289687942,1,1,1,1
482,7.037064673289376,1.4269188261452534,1.1407288274372078,-0.25251804018219204,0.967592186503459,3.4029466980021326,86.5970533019979,1,1,1,1
483,6.446683792228173,1.454897197272476,1.165879333081632,-0.2476028788566519,0.9688616074455103,2.9880303869060403,87.01196961309374,1,1,1,1
484,6.76738373732411,1.519046417468635,1.1785475823214087,-0.24773658104676413,0.9688274286018433,3.465561135562969,86.53443886443694,1,1,1,1
485,7.030914259481598,1.4269824757146774,1.140891707346506,-0.24944720861080924,0.9683883983796354,3.2768256152593813,86.72317438474046,1,1,1,1
486,6.721101175379976,1.467537733388565,1.1623589647405226,-0.2519914089109406,0.9677294714097938,3.5385865842427773,86.46141341575725,1,1,1,1
487,6.579913092156969,1.488547102043593,1.1737770735797648,-0.24748213705810168,0.9688924562804456,3.330346277962815,86.6696537220369,1,1,1,1
488,6.657723404287198,1.5235022901648438,1.18348664131629,-0.24636986876920347,0.9691758807165216,3.3052915634811004,86.69470843651884,1,1,1,1
489,6.529006750991612,1.5846118891317384,1.209132753685391,-0.24691420324556876,0.9690373451191683,3.326618153997868,86.67338184600216,1,1,1,1
490,6.868370924296331,1.4492084149534703,1.1522029253436852,-0.24914614159931286,0.9684659003424825,3.2150266693316536,86.78497333066831,1,1,1,1
491,6.914952778531694,1.4727396346115875,1.1588310577495717,-0.2501591287422868,0.9682047357387279,3.237361551080209,86.7626384489197,1,1,1,1
492,6.568557557450282,1.5311912765993863,1.189061994789402,-0.2468065360772482,0.9690647727317044,3.376384317697897,86.62361568230229,1,1,1,1
493,6.608127861999765,1.4812020108599875,1.1703545698944184,-0.2450116269582893,0.9695201404072284,3.1719650937526023,86.82803490624723,1,1,1,1
494,7.1959121287251655,1.4785507015309525,1.1535570021152166,-0.24831895988331032,0.9686783233677064,3.0440733225165326,86.95592667748336,1,1,1,1
495,6.8656709969395155,1.4295170885234731,1.1456700548737648,-0.2529895895915295,0.9674690008255095,3.2580887822944753,86.74191121770522,1,1,1,1
496,6.420538686995817,1.4146787071666274,1.152112533605082,-0.248371209895481,0.968664927668518,3.4027335632636277,86.59726643673623,1,1,1,1
497,6.909008618605464,1.5099558364864563,1.1713268096780867,-0.24652104926834043,0.9691374372438806,3.093979176524871,86.90602082347522,1,1,1,1
498,6.495611802979953,1.4907998481977278,1.1772018463228078,-0.24685173297425964,0.9690532606248249,3.29313670380668,86.70686329619323,1,1,1,1
499,6.502072798369099,1.5442313042870075,1.1959109530235104,-0.249782628044114,0.968301935724274,3.4577086048205152,86.54229139517943,1,1,1,1
500,6.6869286781158355,1.4816801976451908,1.1681924495950966,-0.24710208200602948,0.9689894535382135,3.4021686845378465,86.59783131546196,1,1,1,1
501,6.968093285656687,1.4832184739391552,1.1608792861975528,-0.2507398329323817,0.9680545109553705,3.3566874370211313,86.6433125629788,1,1,1,1
502,6.629682185637189,1.4977196405446902,1.1754484410403552,-0.24692706273837467,0.969034068383253,3.6003381647729134,86.399661835227,1,1,1,1
503,6.756880479368859,1.566856144235587,1.1950406833841045,-0.24995067643939692,0.9682585705004051,3.5032337737634904,86.49676622623647,1,1,1,1
504,6.768487458325119,1.514857380734679,1.1770961118491072,-0.24741974679918718,0.9689083903516503,3.3671679566883745,86.63283204331161,1,1,1,1
505,6.2751392290589205,1.4776969790193006,1.179639435360994,-0.24686589688666513,0.9690496524710911,3.3487355886614965,86.65126441133846,1,1,1,1
506,6.466117149096901,1.5792419011863357,1.2095855235788628,-0.24764622387777344,0.9688505291318573,3.344565402247349,86.65543459775252,1,1,1,1
507,6.572386355123196,1.4932016551671308,1.1756404039501975,-0.24669191471344998,0.9690939578879912,3.1178235543078925,86.8821764456921,1,1,1,1
508,6.208244740293722,1.4467775279529473,1.1703122160678494,-0.2476227667805179,0.968856524657785,3.467019366098056,86.53298063390187,1,1,1,1
509,6.744856401206581,1.4182325265254814,1.1448348032722846,-0.24831807451796942,0.9686785503291008,3.111587925726397,86.88841207427373,1,1,1,1
510,6.501686383261733,1.4813155293888227,1.1736411930077855,-0.2470401026544594,0.9690052567868114,3.484270084064964,86.51572991593476,1,1,1,1
511,6.332459503664789,1.5724603872265417,1.2122615385770446,-0.24056099916871948,0.9706340225228803,3.2153476128081246,86.78465238719185,1,1,1,1
512,6.523474719095965,1.6263399227653346,1.2239127775166536,-0.2449813304857507,0.9695277962562143,3.4779122353115186,86.52208776468844,1,1,1,1
513,6.692892994429604,1.4783783403453348,1.166883204175121,-0.2504178752094953,0.9681378454412168,3.2886993131176117,86.71130068688231,1,1,1,1
514,6.708562548130599,1.4657808927913143,1.1621075253764754,-0.24743311299802156,0.9689049770705631,3.21613605861727,86.78386394138262,1,1,1,1
515,6.932142320534545,1.4578996519404746,1.153464807081062,-0.24901342012224348,0.9685000343825617,3.3995681241729305,86.6004318758269,1,1,1,1
516,6.6439107432682825,1.5126056347507115,1.1801629117911496,-0.2505996794106352,0.9680908018772242,3.697122994129711,86.30287700587023,1,1,1,1
517,6.92315457661194,1.4626609927757817,1.1552737783317084,-0.24776563707427965,0.9688199982892469,3.08542374106136,86.91457625893858,1,1,1,1
518,6.933270814021842,1.5227237691206819,1.1748437970038175,-0.2489894105280705,0.9685062072309523,3.438345885181659,86.5616541148183,1,1,1,1
519,6.6556838808721555,1.5303563398021123,1.1859132434043633,-0.24858093829485498,0.9686111279127706,3.4676270103212454,86.5323729896788,1,1,1,1
520,6.711765789488629,1.4573040964589068,1.159107144180992,-0.24552883654542224,0.9693892873477874,3.3039013761751503,86.69609862382478,1,1,1,1
521,6.517289804409806,1.4656964796155292,1.167619288757165,-0.2485477339574326,0.9686196487500268,3.161008815711207,86.83899118428886,1,1,1,1
522,6.889602191244624,1.481059378541065,1.1622762389143146,-0.24803719400641702,0.9687505098782777,3.3969868323000028,86.60301316769996,1,1,1,1
523,6.630025333203187,1.4013565219310524,1.1418562415510671,-0.24846890891590157,0.9686398718317049,3.4038254428532584,86.59617455714664,1,1,1,1
524,6.57736696094395,1.529039550501077,1.1880177547975865,-0.24770147590294767,0.9688364045779356,3.3553901726518385,86.64460982734813,1,1,1,1
525,6.4527708944601585,1.4532167638439986,1.1650930332503247,-0.24941509973508372,0.9683966687386621,3.4775628693651526,86.52243713063486,1,1,1,1
526,6.7225503513211216,1.5556695942764813,1.1923894873119523,-0.24638125551062753,0.9691729860726654,3.3289625915799346,86.67103740842012,1,1,1,1
527,6.588206911537612,1.5039171794866069,1.1788955243177692,-0.24782669728569257,0.9688043807252658,3.43066692692635,86.56933307307357,1,1,1,1
528,6.540045220103952,1.4982729286061902,1.1784370346035855,-0.24847152378156256,0.9686392010803964,3.329032953442905,86.67096704655695,1,1,1,1
529,6.816471612861525,1.5094634853149818,1.1738458256598465,-0.2496241420602148,0.9683428048479019,3.425919019655923,86.57408098034391,1,1,1,1
530,6.749740292552241,1.4382672259540819,1.1515670442970818,-0.24864465065890975,0.9685947747632694,3.3813533289144484,86.61864667108551,1,1,1,1
531,6.652886497826304,1.457502614054165,1.1608118033484522,-0.24580253544939698,0.9693199232279547,3.2072397431889166,86.79276025681114,1,1,1,1
532,6.834527867949529,1.4656812028627202,1.1586189735748855,-0.24887385980976745,0.9685359063573163,3.206448121081778,86.79355187891812,1,1,1,1
533,6.480269912033718,1.427613239937575,1.1551111714461946,-0.24901728260398487,0.9684990412821931,3.554863910671644,86.44513608932844,1,1,1,1
534,6.628829596371162,1.5593710037918829,1.1968085506960984,-0.2477087489865305,0.9688345450465358,3.4922086386773055,86.50779136132243,1,1,1,1
535,6.729123526459578,1.5507723975631447,1.1905103797270515,-0.24554716111806235,0.9693846458794673,3.448779527781936,86.55122047221809,1,1,1,1
536,6.659779090996957,1.3761633241088649,1.1323405068188956,-0.24830996993948853,0.9686806278793081,3.193984585132186,86.80601541486776,1,1,1,1
537,6.73907137134392,1.4923991317664018,1.1703414773328826,-0.25012668439244806,0.9682131179419337,3.46002113179351,86.53997886820635,1,1,1,1
538,7.047345633935166,1.5208318682156072,1.1709831070232188,-0.24859303141572484,0.9686080242964851,3.7552410255279107,86.24475897447185,1,1,1,1
539,6.744096695100566,1.5541673551434485,1.1911725981783168,-0.24618336551041484,0.9692232717727973,3.573008831435369,86.42699116856446,1,1,1,1
540,6.736640948591788,1.484024957060438,1.16755573009782,-0.24923460840421285,0.9684431371916468,3.434462300204631,86.56553769979533,1,1,1,1
541,6.525249907547863,1.4976875637857117,1.1787003552602024,-0.24896801527162926,0.968511707400435,3.1246470096189465,86.87535299038105,1,1,1,1
542,6.1708952157207815,1.4156827659096356,1.159745535993954,-0.2464512364662579,0.9691551929615053,3.3020830237703582,86.69791697622983,1,1,1,1
543,6.802676614223669,1.5027417079678387,1.1719882272640283,-0.24643219477800118,0.969160034966825,3.418271178447771,86.58172882155206,1,1,1,1
544,6.780016843714263,1.485136456128356,1.1666924789352973,-0.249750549954386,0.9683102100037374,3.468747919516698,86.53125208048316,1,1,1,1
545,6.470646064074474,1.5422236391955466,1.1963017727317529,-0.24341236734644253,0.9699228935450491,3.3441557982029337,86.65584420179688,1,1,1,1
546,6.760549819704115,1.4096350592318097,1.1415052715565515,-0.2506848271220021,0.9680687565719762,2.957762919412908,87.04223708058704,1,1,1,1
547,6.948680185956189,1.4539300727882065,1.151731875711032,-0.2507133525663452,0.9680613693588561,3.324487261803562,86.67551273819632,1,1,1,1
548,6.965868892340175,1.4593422889446444,1.153082562115311,-0.2507447763101606,0.9680532305370234,3.3215404624893003,86.67845953751053,1,1,1,1
549,7.019394554950534,1.569123306555717,1.1874211009845852,-0.24916395757097598,0.9684613168565739,3.511810168409212,86.48818983159056,1,1,1,1
550,6.681414710836096,1.538424431324925,1.1878517168978184,-0.24858398857725406,0.9686103450939513,3.216346291296488,86.78365370870338,1,1,1,1
551,6.65715126682438,1.4469799038545854,1.1570425757930487,-0.24885769998707108,0.9685400586228455,3.189620731730303,86.81037926826957,1,1,1,1
552,6.662153956929979,1.5107552709833412,1.1789540948898023,-0.2475249828047938,0.9688815112734306,3.1915675180880534,86.80843248191185,1,1,1,1
553,7.20580818284528,1.5019082363066436,1.1607031722777885,-0.2507095023901267,0.9680623664884898,3.178705459485357,86.82129454051433,1,1,1,1
554,6.49513577884648,1.5794761483355426,1.2085856021357453,-0.24620855081861248,0.9692168743391743,3.4039060904966014,86.59609390950341,1,1,1,1
555,7.419578996005265,1.5110240292282509,1.158205442061849,-0.25206938457750905,0.9677091636223748,3.0547683716034375,86.94523162839643,1,1,1,1
556,6.6496573206294,1.5208872748182523,1.1828418172749342,-0.24858091728500065,0.9686111333046651,3.1871811906526086,86.81281880934726,1,1,1,1
557,6.626785351995535,1.5311271194681928,1.1871180619772148,-0.2444676167241013,0.9696574572359242,2.9959571749161182,87.00404282508381,1,1,1,1
558,7.139940380247468,1.4388603946922762,1.1422260429815922,-0.25310594199535247,0.9674385676241387,2.968775704803396,87.03122429519676,1,1,1,1
559,6.686004913101543,1.5526464585166102,1.1925691714882614,-0.2473176699145869,0.9689344509036818,3.540722920036724,86.45927707996334,1,1,1,1
560,6.874444934944169,1.4623126970165041,1.1564290691028516,-0.2493230794869643,0.9684203643228166,3.414151548098594,86.58584845190126,1,1,1,1
561,6.869917768118106,1.5066078898126571,1.171335356017713,-0.2488673554523362,0.9685375776861529,3.591987510448915,86.40801248955117,1,1,1,1
562,6.510209965733308,1.5392731435086517,1.1938789686286544,-0.24596269527970582,0.969279295420439,3.477368710271174,86.52263128972879,1,1,1,1
563,6.991047354787872,1.483737577541989,1.1604408212854507,-0.24958599068397974,0.9683526388946829,3.4602802134147796,86.5397197865852,1,1,1,1
564,6.641314755028064,1.5074551680509505,1.1784626532635507,-0.24778068733602296,0.9688161492168098,3.7054927336443964,86.29450726635558,1,1,1,1
565,6.5837331695559635,1.5271638958880183,1.1871531409585239,-0.24917380195881553,0.9684587840571166,3.356968230981757,86.64303176901825,1,1,1,1
566,6.8423515359543945,1.5192977806218444,1.176376651412935,-0.2467914397333118,0.9690686174231209,3.2021067153535814,86.79789328464629,1,1,1,1
567,6.824624000583578,1.5402704054541019,1.1839300592760589,-0.24442969687196825,0.9696670167057749,3.147872336720805,86.8521276632791,1,1,1,1
568,6.878876456451678,1.5982991052316338,1.201455447945072,-0.2473562076819814,0.9689246134355286,3.4566008903519156,86.54339910964816,1,1,1,1
569,6.487052265681777,1.4251242079956028,1.154030791612892,-0.24895515588592548,0.9685150129749226,3.338665022198359,86.66133497780145,1,1,1,1
570,6.9044835323365294,1.5538684602430577,1.1859730148069596,-0.24964354953798198,0.968337801686001,3.7495614070908543,86.2504385929091,1,1,1,1
571,6.912157430938215,1.6108944145901183,1.2044738957952983,-0.2450688305739568,0.969505682438795,3.3163138159604455,86.6836861840394,1,1,1,1
572,6.374076595141453,1.6417446946150955,1.2354719442414595,-0.24217435436379345,0.9702327463492869,3.3314828869961244,86.66851711300369,1,1,1,1
573,6.803839204765357,1.48254268348212,1.1651423986331655,-0.2474596771301181,0.9688981928947218,3.251461684258177,86.74853831574173,1,1,1,1
574,6.959471326477292,1.4900502442390824,1.1633563870258545,-0.24986838230831443,0.9682798105520047,3.260207890366692,86.73979210963304,1,1,1,1
575,7.062348135002725,1.5095344193379747,1.1669188852076342,-0.25048149140769604,0.9681213882887705,3.298559083612256,86.70144091638777,1,1,1,1
576,6.601727077269527,1.4174433524291203,1.1482178480496645,-0.24897921375215662,0.9685088286223094,3.4616781623707253,86.53832183762917,1,1,1,1
577,6.583282361670106,1.5867838331399746,1.2078968617329664,-0.2432348577797777,0.969967424175086,3.1934901269379297,86.80650987306186,1,1,1,1
578,6.850257970046046,1.4570199685240213,1.1552915592508488,-0.2494517025024725,0.9683872407867722,3.4914340015482885,86.5085659984515,1,1,1,1
579,7.080506163951565,1.446669267030208,1.1461298943267741,-0.250050436653913,0.9682328124625746,3.1123045009172063,86.88769549908271,1,1,1,1
580,7.059779699828062,1.4820916038842646,1.1581112143515253,-0.2515249166964202,0.9678508233611515,3.4899865478641834,86.51001345213564,1,1,1,1
581,6.731544228630052,1.5530690040247708,1.1912108294566295,-0.248107038768264,0.9687326242641172,3.2356361252657098,86.76436387473417,1,1,1,1
582,6.6563281886783345,1.4320023043954202,1.151864238065206,-0.24795235395675633,0.9687722282184309,3.4623583406888057,86.5376416593113,1,1,1,1
583,6.803664694349898,1.5040694426515135,1.1724067334668178,-0.2503321986121821,0.968160002446905,3.5420013674486968,86.45799863255124,1,1,1,1
584,6.832993027230492,1.4347916415069455,1.1482563719426542,-0.24997978128493298,0.9682510567764628,3.1311958940351565,86.86880410596491,1,1,1,1
585,6.949113275333993,1.5109318217846774,1.1705097061206255,-0.24927620198060643,0.9684324318847051,3.462259230614159,86.53774076938578,1,1,1,1
586,6.800864022344983,1.529923558832685,1.181192937814023,-0.2506641530105976,0.9680741099706569,3.2450053592726382,86.75499464072742,1,1,1,1
587,6.915566524388204,1.4824948713866732,1.1620491383879648,-0.2505354205280963,0.9681074336357561,3.33094164409884,86.66905835590097,1,1,1,1
588,6.961369897729633,1.5585083678425553,1.1857454799073337,-0.2479978634261414,0.9687605791608517,3.667743782693061,86.33225621730682,1,1,1,1
589,6.513274970320026,1.5151137607853984,1.1852459803696862,-0.24776860778803453,0.9688192385552524,3.4108345922416463,86.5891654077584,1,1,1,1
590,6.697173714643492,1.48586696803382,1.1693326476946588,-0.24785103165099434,0.9687981555048182,3.3187697444708473,86.68123025552906,1,1,1,1
591,6.612066872209956,1.429954328162371,1.1523308467781286,-0.2507845897645575,0.9680429171976945,3.600633714461772,86.39936628553808,1,1,1,1
592,6.775548713918221,1.5403758513233958,1.1855014964912798,-0.24765073696773532,0.9688493755374659,3.390879604565974,86.60912039543425,1,1,1,1
593,6.834108125063223,1.416388642965082,1.1420194310371408,-0.25039570942338185,0.9681435785576236,3.516450443257934,86.48354955674195,1,1,1,1
594,7.1863025329085755,1.5678102504087172,1.1820365854741477,-0.24867103861323714,0.9685880004186579,3.435036760536233,86.5649632394638,1,1,1,1
595,6.688680832999765,1.466058870620173,1.1627623371642504,-0.24898236830935477,0.9685080176596705,3.298820330707186,86.70117966929264,1,1,1,1
596,6.622915574203608,1.6135226781846688,1.2156548397382767,-0.24769207851642752,0.9688388071501947,3.452080964469913,86.54791903553004,1,1,1,1
597,6.693941580369589,1.5768089645999637,1.2005464190543367,-0.24574667847887705,0.9693340858633825,3.6993192570120135,86.30068074298804,1,1,1,1
598,7.1129145418282125,1.5871577479345584,1.190347878813035,-0.25034106126805566,0.968157710831858,3.522444628248318,86.4775553717517,1,1,1,1
599,6.71139175766052,1.467998717386468,1.1627895187067778,-0.24892214339469537,0.9685234981804988,3.0692512306949578,86.93074876930488,1,1,1,1
600,7.0785934968679465,1.5007058440594367,1.1636337020765317,-0.248874235331323,0.9685358098636567,3.2378992393292747,86.7621007606708,1,1,1,1
601,6.392729571795508,1.4473238179623813,1.1647651659214087,-0.24822101447205408,0.9687034262221148,3.2891707396807677,86.71082926031899,1,1,1,1
602,6.908490183968372,1.5377614801836401,1.1805345821567783,-0.24774986882134203,0.9688240307192054,3.2105141598059403,86.78948584019406,1,1,1,1
603,6.782483115045222,1.4780434878817195,1.1642195829362283,-0.25050214177449864,0.9681160451962301,3.293299036841781,86.70670096315828,1,1,1,1
604,6.609665587647729,1.5646756537614788,1.199302922274961,-0.24628927983553403,0.9691963633021401,3.333172852949824,86.66682714705023,1,1,1,1
605,6.780224169549896,1.5785907158817452,1.198210629859791,-0.24605384139468411,0.9692561617729957,3.708321300317931,86.29167869968224,1,1,1,1
606,6.80221296230053,1.4377891048431601,1.1500499464515055,-0.24480206360130272,0.9695730759754746,3.0639463998687386,86.93605360013117,1,1,1,1
607,7.08902409310274,1.5404313374935625,1.176122604315176,-0.24724749693559947,0.9689523596436931,3.1334601678981198,86.8665398321019,1,1,1,1
608,6.678947444899853,1.6719773573147492,1.2333878276866674,-0.2433901793880313,0.9699284615771733,3.3037052106895834,86.69629478931037,1,1,1,1
609,6.830984267804984,1.5107539364922224,1.1738522919732821,-0.24924582470653742,0.9684402505401962,3.509266118193063,86.49073388180692,1,1,1,1
610,6.98859567232757,1.4573352885432669,1.1518498115818572,-0.2494232789842597,0.9683945620978776,3.282872015071091,86.71712798492892,1,1,1,1
611,6.899216596805479,1.4258069208644317,1.1436122790296264,-0.2535600165729678,0.9673196565745555,3.4176461524557173,86.58235384754417,1,1,1,1
612,6.648149013294098,1.4938878184070046,1.1735577865336402,-0.24989777723385748,0.9682722246009009,3.446078571773205,86.55392142822681,1,1,1,1
613,6.996726818804876,1.4749013925901302,1.1573997209163156,-0.24970781360787536,0.9683212317321017,3.4496911894961206,86.55030881050389,1,1,1,1
614,6.603057876160085,1.5240637154773868,1.1854411929023807,-0.24567001718256695,0.9693535178960857,3.397651698661943,86.60234830133787,1,1,1,1
615,6.881323789987592,1.51845269912943,1.1749452909458455,-0.24722913014255127,0.9689570461114143,3.6050151100580883,86.39498488994174,1,1,1,1
616,6.671219923929309,1.4837193818038465,1.1693553549267675,-0.24694211586195722,0.9690302324559434,3.375763069381948,86.62423693061801,1,1,1,1
617,6.700328864775211,1.585570138589046,1.2033059536786657,-0.24398325213342917,0.9697794453783786,3.1494429386772,86.85055706132287,1,1,1,1
618,6.787068616665742,1.6532882824829271,1.2229342117187667,-0.24857614583714494,0.9686123578195512,3.3357460956999048,86.66425390430003,1,1,1,1
619,7.040816420747591,1.5035621853946193,1.1655693879738964,-0.24763902694168047,0.9688523686998848,3.217593020193806,86.78240697980623,1,1,1,1
620,6.93806458589588,1.5750252132806732,1.1918749925214158,-0.24724679196369553,0.9689525395310448,3.4631976447318515,86.53680235526805,1,1,1,1
621,6.818659728905341,1.4057942327086865,1.1388052050706932,-0.25069975442673964,0.9680648909708338,3.124294260750228,86.87570573924965,1,1,1,1
622,7.129362722382442,1.5081274046752962,1.1646693657656069,-0.24952079160531132,0.9683694411518048,3.1165645808177866,86.88343541918209,1,1,1,1
623,6.774488035019237,1.3975013465072568,1.137025698886823,-0.251469259453752,0.967865285848078,3.154271680300714,86.84572831969902,1,1,1,1
624,6.409977189789743,1.4984832207463934,1.1827315291190146,-0.24806550881943643,0.9687432597619217,3.563805661698384,86.43619433830158,1,1,1,1
625,6.686351468308912,1.5529215277873722,1.1926517019557716,-0.24808576853993225,0.9687380716416337,3.3803242353721616,86.61967576462777,1,1,1,1
626,6.752600252208998,1.4757384206645972,1.1642759137478116,-0.24998500807042362,0.9682497073276244,3.264189929823593,86.7358100701762,1,1,1,1
627,6.98648543381649,1.4510074637846804,1.149824837283107,-0.24965344583534657,0.9683352503046336,3.3147415415397448,86.68525845846025,1,1,1,1
628,6.760690540716155,1.4315597910129374,1.1489930092824063,-0.2506801072467317,0.9680699787880869,3.451260162942807,86.54873983705708,1,1,1,1
629,6.988527029668937,1.542373555361292,1.1796638204584546,-0.2500997963194486,0.9682200637669984,3.5524484570012125,86.44755154299877,1,1,1,1
630,6.8514310161124214,1.5569278267428233,1.1886471824082787,-0.2502072868149959,0.9681922916573331,3.39488846390358,86.60511153609639,1,1,1,1
631,6.670703416702745,1.428683273122907,1.1503331539709398,-0.2482262449970395,0.9687020859349224,3.232957112684133,86.76704288731571,1,1,1,1
632,6.5335778659338,1.4391992938405607,1.157745985004257,-0.24452379865106555,0.9696432910577235,3.0043835657999134,86.99561643420019,1,1,1,1
633,6.217447539650174,1.5300713226734057,1.2011159526515356,-0.2451820724946289,0.9694770504386571,3.2588334259548026,86.7411665740452,1,1,1,1
634,6.626808057683688,1.5351209468139457,1.1884992256022715,-0.24391278010184933,0.9697971724556568,3.4763925186308784,86.52360748136924,1,1,1,1
635,6.884988100085326,1.5795957428169725,1.1950820711349528,-0.24631029359044293,0.9691910231071013,3.2453858524488073,86.75461414755104,1,1,1,1
636,6.650387635776425,1.401911750960306,1.1415437499894072,-0.24802726029166808,0.9687530532350385,3.3198989120230933,86.68010108797692,1,1,1,1
637,6.260281680340537,1.5202707372685083,1.1958946803125894,-0.2448869374839575,0.969551642693533,3.5181532923038477,86.48184670769609,1,1,1,1
638,6.766095010525666,1.436970399848223,1.1506999793099923,-0.25097473232795386,0.9679936382708886,3.5705245446645115,86.42947545533555,1,1,1,1
639,6.845823197715012,1.5232382602581502,1.1775899458428793,-0.24877266820383662,0.9685619027995804,3.4227858856585027,86.5772141143413,1,1,1,1
640,6.699036994376645,1.4830102742316689,1.1682970384160034,-0.24961249271485458,0.9683458077983694,3.2667764118144182,86.73322358818552,1,1,1,1
641,6.904664440951498,1.497220004668647,1.1672301800776947,-0.24750663204953022,0.9688861992471036,3.4006520911435816,86.59934790885666,1,1,1,1
642,6.6444311940263585,1.5711834979055708,1.200336827715554,-0.2482898012026081,0.9686857976757836,3.705843541132016,86.29415645886792,1,1,1,1
643,6.702657109284351,1.4918639058431926,1.171229574597557,-0.24714451292898162,0.9689786322355598,3.4056356396209084,86.59436436037913,1,1,1,1
644,7.0195497003224085,1.4345988076808172,1.1436470215889556,-0.24673710101350688,0.9690824541717028,3.255188195594727,86.74481180440543,1,1,1,1
645,6.805935999706794,1.549829159790942,1.1877188954858329,-0.24941156962949068,0.9683975779270381,3.6136014191522863,86.3863985808477,1,1,1,1
646,6.59967779486939,1.4284607051569966,1.1521397704559941,-0.24952720271126588,0.968367789172632,3.1132424213032435,86.88675757869683,1,1,1,1
647,6.471855939857349,1.5593629994489224,1.2023364977607944,-0.24755232825882362,0.9688745247830781,3.724949266524149,86.27505073347582,1,1,1,1
648,6.6190749529169155,1.4325452276852153,1.1530491169596804,-0.24607933566253679,0.9692496894814485,3.2064369122770096,86.79356308772297,1,1,1,1
649,6.593825745242368,1.4912559814960387,1.1742979372849611,-0.24932270616043697,0.9684204604369099,3.3081678323561197,86.69183216764391,1,1,1,1
650,6.580076902796858,1.5026047093013248,1.1786928683229032,-0.247844443602395,0.9687998409245426,3.247602298380838,86.75239770161907,1,1,1,1
651,6.344099203894254,1.499013075652577,1.1851386694274633,-0.24798105000385448,0.9687648831574076,3.368941005579873,86.63105899441997,1,1,1,1
652,6.951987847273143,1.5146361941336102,1.171645935209729,-0.24799220107800724,0.9687620286760239,3.3569371821643403,86.64306281783566,1,1,1,1
653,6.709044925278864,1.5401467058387404,1.187546070934736,-0.24671665901984635,0.9690876586574019,3.2587141493291956,86.74128585067064,1,1,1,1
654,6.831104293987277,1.511249836992508,1.1740149869070942,-0.24657126493536968,0.9691246624187064,3.3035221411699878,86.69647785883012,1,1,1,1
655,6.652106092959192,1.521413123600295,1.1829453281642013,-0.24923346675581237,0.9684434310009437,3.603476534519364,86.3965234654806,1,1,1,1
656,6.700882554314491,1.4803551151414347,1.1673315562252726,-0.2503899994898524,0.9681450553276981,3.30817624595834,86.69182375404161,1,1,1,1
657,6.280148150979256,1.491887513709354,1.1847127896754195,-0.24364184325296764,0.9698652752915201,3.3190229348492926,86.6809770651506,1,1,1,1
658,6.888215871397456,1.3977735297624934,1.1344945631098249,-0.25308372976749244,0.967444378621828,3.259169368629846,86.74083063136992,1,1,1,1
659,6.458677983551375,1.5267145544987968,1.1912022609699309,-0.2474000765548807,0.9689134131183442,3.5114341947156875,86.48856580528434,1,1,1,1
660,6.5967760062372935,1.5362035459814682,1.1898688214070665,-0.24760529741992685,0.96886098935275,3.8447896600685487,86.15521033993139,1,1,1,1
661,6.521954351633679,1.4923635749853184,1.1769228636665126,-0.24678630909598953,0.9690699240213673,3.0370787302184645,86.96292126978142,1,1,1,1
662,6.60168326580407,1.4193325010122881,1.1488823036987894,-0.2513241796418032,0.9679029686530435,3.4033246731129903,86.59667532688688,1,1,1,1
663,6.571965353542575,1.5427126515216287,1.1929704716546221,-0.24820823877798956,0.9687066997821004,3.20999138771453,86.79000861228525,1,1,1,1
664,6.75135738011137,1.491884665481416,1.1698078761547164,-0.24741076463551714,0.9689106839861292,3.5786147120081115,86.42138528799181,1,1,1,1
665,6.394838270837045,1.5691754258200805,1.2086845359353646,-0.24844431236973813,0.9686461808375274,3.5264765459226175,86.47352345407732,1,1,1,1
666,6.603987758556645,1.5702055897385914,1.201414683619034,-0.24313846982667114,0.9699915899070181,3.2537607256142453,86.74623927438569,1,1,1,1
667,7.062948898699631,1.3933637174497124,1.1292159433826419,-0.25182459366262056,0.9677728938271912,3.1699920881361416,86.8300079118637,1,1,1,1
668,6.812141850936866,1.4262506584557808,1.145891261068459,-0.24693795494204832,0.9690312927914346,3.117200407565418,86.88279959243432,1,1,1,1
669,6.791654597356775,1.5122896458502766,1.1755327865812093,-0.25039254011815987,0.9681443982450014,3.4662547704880806,86.53374522951171,1,1,1,1
670,6.457190570305019,1.5754568961191253,1.2085792806750233,-0.24517895173775053,0.9694778396769974,3.428554414134629,86.57144558586535,1,1,1,1
671,6.7527068402081785,1.5355426148873215,1.1845883092141276,-0.24865277528829824,0.9685926890811364,3.402058223390866,86.59794177660903,1,1,1,1
672,6.222618439244211,1.4972856996984818,1.188724341626475,-0.24296753339770402,0.9700344208916689,3.2330422896827105,86.7669577103172,1,1,1,1
673,6.7952311941097125,1.4856106286205613,1.1664211948131764,-0.2488937367246588,0.9685307985909565,3.3752975692576186,86.62470243074247,1,1,1,1
674,6.800033585272403,1.5839237446182954,1.199331496790154,-0.24680515078266746,0.9690651255447927,3.387345007325232,86.61265499267462,1,1,1,1
675,6.605803384987183,1.4477457185879765,1.15873101416665,-0.24922296844726718,0.9684461327292978,3.1688011645228817,86.83119883547714,1,1,1,1
676,6.563170101603992,1.5103510583995465,1.1819437122772865,-0.24737380492352634,0.9689201208756362,3.377106435984644,86.62289356401507,1,1,1,1
677,6.8126063818967,1.4807723854739934,1.1643000078027497,-0.24944852034034662,0.968388060490221,3.61408521649066,86.38591478350929,1,1,1,1
678,6.865793118687655,1.5065244988639734,1.1714262458577576,-0.2501093596122782,0.9682175934335919,3.6394911364804354,86.36050886351953,1,1,1,1
679,6.910980823670062,1.430446760028866,1.1448748234169703,-0.25143801330590115,0.9678734036354039,3.3137850184910924,86.68621498150881,1,1,1,1
680,6.989439994360168,1.5319501052550195,1.1762391472709268,-0.24828415295853015,0.9686872453943354,3.4601232818123298,86.5398767181875,1,1,1,1
681,7.0664806024870295,1.4163093003002176,1.136605713085805,-0.2496543696442405,0.9683350121303769,3.2682058409815524,86.73179415901835,1,1,1,1
682,6.808153168399706,1.4475358113798562,1.1531965101232504,-0.25041998778536406,0.9681372990013235,3.261805957419896,86.7381940425798,1,1,1,1
683,6.843741561344228,1.4775561810859725,1.1623576480482232,-0.24935594476048992,0.9684119024529818,3.311724103414977,86.68827589658503,1,1,1,1
684,6.9049909046846505,1.6082319463607486,1.2038433556374577,-0.2475656336790764,0.9688711250837634,3.299732948774651,86.70026705122527,1,1,1,1
685,6.565062003512997,1.5170875218633455,1.1842428517901167,-0.24497978716847107,0.9695281862219843,3.2391659912491613,86.76083400875092,1,1,1,1
686,6.794550369728464,1.5616924934527212,1.1920645250121487,-0.25058943151934565,0.9680934545852541,3.418775029195488,86.58122497080436,1,1,1,1
687,6.705209531990306,1.4768650668285808,1.1660085053280114,-0.24846173131182311,0.9686417129535211,3.4608974504585293,86.53910254954147,1,1,1,1
688,6.657912502712758,1.4733082097022805,1.1661457308649397,-0.2461513517502279,0.9692314027266841,3.0690909569162543,86.93090904308379,1,1,1,1
689,6.356771282397522,1.471335180360382,1.1746253890815497,-0.24532181674845963,0.9694416982094568,3.379147860828671,86.62085213917133,1,1,1,1
690,6.6100856770735295,1.5261081379222214,1.1859228707562217,-0.24831587595048116,0.9686791139231532,3.2809490781151522,86.71905092188473,1,1,1,1
691,6.811766246385683,1.4924807494685097,1.168268860496819,-0.24726008388208442,0.9689491477464772,3.5616442894634894,86.4383557105366,1,1,1,1
692,6.498448052724795,1.569641027024241,1.205000383033289,-0.24463238164547202,0.9696159022264764,3.4663379002663484,86.53366209973362,1,1,1,1
693,6.881379549838291,1.5306122453820634,1.1789812095164836,-0.24677209421621568,0.9690735439150856,3.19702658372267,86.80297341627708,1,1,1,1
694,6.989970826235631,1.4258026746041765,1.1414570570352454,-0.25181695708223034,0.967774880912832,3.3532222968590455,86.6467777031409,1,1,1,1
695,6.670628856880547,1.5000850390241802,1.1750161354596973,-0.2484033315238666,0.9686566909322641,3.3901299310204367,86.60987006897948,1,1,1,1
696,6.229103923479345,1.4882295211092877,1.185121640145578,-0.2437651515542038,0.9698342904268523,3.1647095005361754,86.83529049946381,1,1,1,1
697,6.70593793151359,1.4547996146644413,1.1584063727020923,-0.24948825273464278,0.9683778248945063,3.3382345615895193,86.66176543841037,1,1,1,1
698,6.420374451718838,1.5292286487915279,1.1934298726973098,-0.24558254399582594,0.9693756826352403,3.4365579049006145,86.5634420950994,1,1,1,1
699,7.062975106324299,1.4614006542975817,1.1513263271352447,-0.25155643886139123,0.9678426308379761,3.6005419015623144,86.39945809843765,1,1,1,1
700,6.282545980304973,1.4471279535220354,1.168080830302135,-0.2496453975398283,0.9683373252576712,3.3645622318011412,86.6354377681987,1,1,1,1
701,6.47272583296818,1.5079978860515835,1.184061206274365,-0.2501497180837758,0.9682071671613507,3.683136914148853,86.31686308585103,1,1,1,1
702,6.798347814912207,1.4966403401958157,1.1700565064332809,-0.24769395973682706,0.9688383261978705,3.3210107617369458,86.67898923826283,1,1,1,1
703,6.32665308664742,1.5239611032875449,1.1948465230987189,-0.24577784025278737,0.9693261851619791,3.172715725187078,86.82728427481274,1,1,1,1
704,6.914366726823983,1.34149557712195,1.1150962938055247,-0.2518511433248341,0.9677659849395275,3.1284896636345065,86.87151033636549,1,1,1,1
705,6.409908663282265,1.3476764188283703,1.1280045099683307,-0.25131415969140675,0.9679055703624202,3.585216085938664,86.4147839140612,1,1,1,1
706,6.654680099823893,1.4734845838351553,1.1663004693188486,-0.24811540894140374,0.9687304804979763,3.400340462947049,86.59965953705311,1,1,1,1
707,6.381384684736549,1.4516075941997322,1.1666668938189284,-0.24603945298323274,0.9692598142787678,3.4629590626037037,86.53704093739613,1,1,1,1
708,6.813355013196026,1.4490306341197574,1.1535662324189238,-0.2513819406344203,0.9678879686838104,3.1648713716257437,86.83512862837425,1,1,1,1
709,6.643319188609192,1.4771201766899973,1.167891943333004,-0.24710216431060358,0.9689894325497134,3.3561234541302474,86.64387654586977,1,1,1,1
710,6.870144766759999,1.5130726318943886,1.1734821861666116,-0.2505535881096025,0.9681027318861379,3.162220124514385,86.8377798754856,1,1,1,1
711,6.42287001737621,1.5142225356628047,1.187959505922561,-0.24553080528716761,0.9693887886988558,3.25376652043912,86.74623347956087,1,1,1,1
712,6.4666046232836765,1.4540808375770804,1.1649906331605349,-0.24957857384662552,0.9683545505013567,3.352397554204893,86.64760244579513,1,1,1,1
713,6.83123075958955,1.4771168692855574,1.1625536669595065,-0.2484504305081802,0.9686446115992696,3.326374004170686,86.67362599582924,1,1,1,1
714,6.43287100874348,1.4324094967985548,1.1581806449774772,-0.2456605748967439,0.9693559108714411,3.450737822375148,86.54926217762494,1,1,1,1
715,6.50717239437088,1.5540588744388888,1.1991973369834237,-0.24486557652428337,0.9695570377411687,3.358539841154918,86.64146015884506,1,1,1,1
716,6.7704785914119405,1.503222211713142,1.173096256081454,-0.24841484123647273,0.9686537392966892,3.4021384657186657,86.59786153428121,1,1,1,1
717,6.577884913310475,1.4084854214169162,1.1456847444612073,-0.24682759013744096,0.9690594103288733,3.1689664039231085,86.83103359607684,1,1,1,1
718,6.676079611362244,1.5382844913629925,1.1879771383770492,-0.2470233483132333,0.9690095280172011,3.1202386056432014,86.87976139435679,1,1,1,1
719,6.8088510482362725,1.5136648509156578,1.1754837252304051,-0.24888410756760165,0.9685332730475904,3.4793161282276506,86.52068387177218,1,1,1,1
720,6.350669639470411,1.4983125380448816,1.1846601236056133,-0.2443343593917207,0.9696910440035206,3.049998516510122,86.95000148348994,1,1,1,1
721,6.505129737123577,1.425971267145773,1.1538332721982014,-0.24871819195813233,0.9685758932520867,3.327492975283582,86.67250702471635,1,1,1,1
722,6.476102690046202,1.4375036799026182,1.158773076287412,-0.247196905832476,0.9689652675647615,3.4170876819615956,86.5829123180383,1,1,1,1
723,6.671055386088952,1.5027402321979686,1.1759178994117914,-0.25148820475345984,0.9678603633117133,3.3866003438570265,86.61339965614289,1,1,1,1
724,6.893272035682718,1.4731110310071511,1.1595315544248463,-0.24968795398368082,0.9683263528560211,3.4537243220644323,86.5462756779353,1,1,1,1
725,7.007718695274731,1.5571203590399185,1.1838868354169307,-0.24670347891177585,0.9690910140398717,3.353410155321708,86.64658984467806,1,1,1,1
726,6.7591599165463405,1.5085360647978878,1.175234483288966,-0.24873316403002935,0.9685720484876748,3.3527644840859545,86.64723551591405,1,1,1,1
727,6.715147740558232,1.4530097254908159,1.1575396829890108,-0.24820935203291528,0.9687064145361071,3.2173033472370793,86.78269665276284,1,1,1,1
728,6.4558252698089955,1.4624297005721418,1.168308641443439,-0.24736576776201022,0.9689221727979556,3.3246297627671786,86.67537023723285,1,1,1,1
729,6.864746417278314,1.5091357906920801,1.1723271094471828,-0.25051665067447254,0.9681122908706635,3.376848144219287,86.6231518557805,1,1,1,1
730,6.474451658776061,1.4470983965704385,1.1622577174463962,-0.2462634027720661,0.9692029387363221,3.358480239083507,86.64151976091635,1,1,1,1
731,6.64739103780693,1.5778236093982996,1.2025137571587978,-0.2462376342331017,0.9692094858632396,3.2536460608662696,86.74635393913373,1,1,1,1
732,6.823016403133279,1.4777226944563822,1.1629838501897383,-0.24893085494698347,0.9685212591654164,3.2027113134652225,86.79728868653477,1,1,1,1
733,7.079433787433745,1.5176238079100044,1.1690612546546224,-0.24775230123364467,0.9688234086939856,3.5027281469436193,86.49727185305623,1,1,1,1
734,6.684219555369937,1.4312007861558131,1.150850465530427,-0.2471141604357585,0.9689863733366585,3.1997130415587747,86.80028695844115,1,1,1,1
735,6.912092431924323,1.5188933461611822,1.1741944141430627,-0.24451900857733325,0.9696444990017518,3.2124992383808055,86.7875007616191,1,1,1,1
736,6.634496689936322,1.4086842699376572,1.1443058608684358,-0.24660603089935473,0.9691158163625576,3.1717350294760784,86.82826497052388,1,1,1,1
737,6.5938563146742135,1.5417963707120645,1.1919109038379452,-0.2455570595128626,0.969382138541554,3.1435046622242067,86.85649533777577,1,1,1,1
738,6.599977044470742,1.538858944171397,1.1906848058474915,-0.24745252851856914,0.9689000186447346,3.421291742542042,86.57870825745796,1,1,1,1
739,6.6674936894757675,1.4542664189766117,1.1592826176568107,-0.24939959581585358,0.9684006617133679,3.4728345174356954,86.52716548256441,1,1,1,1
740,6.924380219962966,1.3967433860199712,1.1333378478694884,-0.2518841054375912,0.9677574062893574,3.2006375141911607,86.79936248580881,1,1,1,1
741,7.0092436053576135,1.509738124721331,1.1684393556057358,-0.24867052587703378,0.968588132056159,3.5230158131344322,86.47698418686545,1,1,1,1
742,6.88074663608305,1.4975943410387909,1.168025301333853,-0.24997237488362703,0.968252968905874,3.228051958500993,86.77194804149876,1,1,1,1
743,6.603017805453426,1.5002526776573861,1.1771532823330215,-0.24624428534654988,0.9692077960551942,3.4066344919674107,86.59336550803245,1,1,1,1
744,6.847991239486891,1.456344719232689,1.155124269567657,-0.252247792133018,0.9676626743674769,3.5155103186005316,86.48448968139931,1,1,1,1
745,6.919120731812148,1.4826479871246598,1.1620038346523331,-0.2498529380283285,0.9682837958773307,3.2262140822579735,86.77378591774219,1,1,1,1
746,6.541329787486244,1.4610805962066256,1.165270890604785,-0.2478468437705308,0.9687992268953285,3.18388988908324,86.81611011091682,1,1,1,1
747,6.781840413207416,1.5119385609273992,1.1757074780925627,-0.24866294721496646,0.9685900777327666,3.3522472546355,86.64775274536436,1,1,1,1
748,6.572734207485269,1.526439526363468,1.1872628789365434,-0.24652309886744594,0.9691369158817507,3.097685715370397,86.9023142846298,1,1,1,1
749,7.023630278977343,1.4085726146241373,1.1350353500655794,-0.2515759448723701,0.9678375607309185,3.354026410738658,86.64597358926115,1,1,1,1
750,6.8829648442304,1.4961891924344546,1.1674952491144193,-0.24920282349795614,0.9684513166704077,3.2392442533901407,86.76075574660963,1,1,1,1
751,6.90054526994971,1.4163998867575167,1.1404400563986143,-0.24996873781787218,0.9682539078742414,3.3807133480989657,86.6192866519011,1,1,1,1
752,6.615859233625237,1.45895959483555,1.162366785762747,-0.24894527552030624,0.9685175526525676,3.384448673830837,86.61555132616905,1,1,1,1
753,6.904334265346472,1.4290881265304465,1.1445832218957837,-0.2514145715150948,0.9678794931342855,3.097018910944871,86.90298108905503,1,1,1,1
754,6.605788250862322,1.4080444242717391,1.1448124096337315,-0.25045358172320265,0.9681286089162012,3.5697964155240034,86.43020358447602,1,1,1,1
755,6.696311678832716,1.3902756295732317,1.1363872643614827,-0.2510424163472402,0.9679760870985082,3.4579038038755203,86.54209619612443,1,1,1,1
756,7.083047679867933,1.5156076951249011,1.168313570644416,-0.2503418603624205,0.9681575042059438,3.424805370462969,86.57519462953698,1,1,1,1
757,6.678648810700981,1.584771224719041,1.203793269589804,-0.2470560483849589,0.9690011914112432,3.36387394225891,86.63612605774102,1,1,1,1
758,6.366136501496871,1.4600304096157604,1.1702059370986027,-0.24793043024254593,0.9687778392179222,3.308686826675899,86.69131317332406,1,1,1,1
759,6.208182466185175,1.5104743639440874,1.1941625670385383,-0.2469077764795337,0.9690389826595897,3.500646998717683,86.49935300128236,1,1,1,1
760,6.963199878503556,1.4728377872252956,1.1575944085832695,-0.25034954850117924,0.9681555162086594,3.4321112683085975,86.56788873169124,1,1,1,1
761,6.847207647754065,1.6125345084157514,1.2072392739790914,-0.24922982536120677,0.9684443681236534,3.327729681725357,86.67227031827451,1,1,1,1
762,6.901939198897963,1.6167399270749354,1.2067381506472346,-0.24634380634116573,0.9691825055567946,3.3333973838938435,86.66660261610612,1,1,1,1
763,6.560844304888393,1.5414745794357312,1.1929163296400815,-0.24614978623659367,0.9692318003118137,3.3106427163972802,86.68935728360272,1,1,1,1
764,6.92166312933938,1.4381328864819802,1.1471706471532586,-0.24993740306587103,0.9682619968524471,3.1932264408380644,86.80677355916171,1,1,1,1
765,6.680973529606732,1.4708214966762496,1.1646230805967626,-0.24846639739224907,0.9686405160671925,3.340623305060084,86.65937669493985,1,1,1,1
766,6.59953804953836,1.5333294909499693,1.1887780019996583,-0.24786915957913233,0.9687935175926471,3.502583655666046,86.49741634433384,1,1,1,1
767,7.137980028388133,1.531145206416532,1.171782071855199,-0.24920101861194735,0.968451781103617,3.3040471274947083,86.69595287250525,1,1,1,1
768,6.826764620687679,1.5389998918728027,1.1834386069750427,-0.2454554300569684,0.969407876930835,3.277831829442934,86.72216817055701,1,1,1,1
769,6.89452811245736,1.491312919684898,1.1655512178238059,-0.2491587229127816,0.9684626636047833,3.2692881744468183,86.73071182555312,1,1,1,1
770,7.191685424231553,1.444737882157369,1.1429191228878615,-0.25123888965825997,0.9679251109064608,3.4467497746191933,86.5532502253808,1,1,1,1
771,6.6302245275772655,1.4860333840433158,1.1713744049397434,-0.24909634987751236,0.968478708324401,3.3822223463112224,86.61777765368873,1,1,1,1
772,6.812808334440865,1.6024493871026069,1.2050805233299455,-0.24656557999247716,0.9691261088026539,3.2550204590294722,86.74497954097056,1,1,1,1
773,6.621637085223341,1.471836857747522,1.1666903028672115,-0.24816449526055234,0.9687179069739938,3.514978372056043,86.48502162794378,1,1,1,1
774,6.97677811730968,1.4498458903988403,1.1496832904150196,-0.2486893784367685,0.9685832917476606,3.2205538655387533,86.77944613446145,1,1,1,1
775,6.539763619872661,1.4554663878635208,1.163331237751923,-0.246992488837347,0.9690173943010172,3.209569197397225,86.79043080260296,1,1,1,1
776,6.903683895814449,1.4215946180163446,1.1420995878333509,-0.24684900386215702,0.9690539558209649,3.206839471907065,86.79316052809303,1,1,1,1
777,6.576154721973544,1.5215307482520697,1.185435369019661,-0.2478073447664002,0.9688093310243387,3.169978607375329,86.83002139262457,1,1,1,1
778,6.631638984311774,1.4949501025028606,1.1744274861233692,-0.24467503396903434,0.9696051401226439,3.0564261885207062,86.94357381147911,1,1,1,1
779,6.448421241913481,1.476132097370445,1.1734533696991296,-0.2464217708316563,0.9691626854456327,3.3731387115380937,86.62686128846181,1,1,1,1
780,6.7102524951606535,1.4457587417860591,1.15518011667568,-0.2464164640166567,0.9691640347544516,3.0956281777194197,86.90437182228061,1,1,1,1
781,6.4071764826324,1.4942935324437623,1.1813135415262888,-0.24801726995535575,0.968755610979308,3.2961749736302712,86.70382502636986,1,1,1,1
782,6.7217951347721305,1.5237412103328298,1.181547737087818,-0.24899916308146292,0.9685036999334236,3.369682821110737,86.63031717888931,1,1,1,1
783,6.604156728413221,1.4876658998337413,1.1727292626725094,-0.24379543905895185,0.9698266772439562,3.4896220580851236,86.51037794191481,1,1,1,1
784,6.616648204880098,1.4217126212476567,1.1493234294800467,-0.24690561064090186,0.969039534505194,3.3767741291344437,86.6232258708656,1,1,1,1
785,7.10671895873236,1.4943486471870147,1.1608491221955206,-0.2518554712672593,0.9677648586266949,3.5156187868076514,86.48438121319228,1,1,1,1
786,6.862258933151697,1.4635409670224924,1.157161510754002,-0.24864589385571512,0.9685944556256206,3.115265799041752,86.8847342009585,1,1,1,1
787,6.778340507874175,1.4503576357053924,1.1549366867879165,-0.24905637700184755,0.9684889886182051,3.4134965723169803,86.58650342768296,1,1,1,1
788,6.75072896312023,1.5005450005335814,1.1727716203368663,-0.24839656041768346,0.96865842729657,3.439304647838349,86.56069535216142,1,1,1,1
789,6.404177596983294,1.5778807285153535,1.211446660748704,-0.24784736647116104,0.9687990931732492,3.3687360576352443,86.63126394236471,1,1,1,1
790,6.6485677113040484,1.5528381752287588,1.1938873079097403,-0.2453207653633001,0.9694419642668481,3.2669264149857815,86.7330735850141,1,1,1,1
791,6.829796539220575,1.5244412525407693,1.1784732064425334,-0.25057569669598634,0.9680970097182001,3.4997277191727694,86.50027228082718,1,1,1,1
792,6.434440248048293,1.5631391190598587,1.2050464706052162,-0.24609764580955965,0.9692450405996372,3.325965556832652,86.67403444316717,1,1,1,1
793,6.539944816253035,1.4500898683333758,1.1614234338583564,-0.24629544047521343,0.9691947977579741,3.1636441263491806,86.83635587365073,1,1,1,1
794,6.837447367884654,1.4937811973366708,1.1679751962598794,-0.24828147149857718,0.9686879326751733,2.968470948189577,87.03152905181044,1,1,1,1
795,6.594996256190875,1.5073129366958822,1.1798664521302908,-0.24781614391408502,0.9688070802876875,3.2861892212421346,86.71381077875775,1,1,1,1
796,6.749409947231907,1.4823004385637928,1.1666015127695075,-0.24714620741298862,0.9689782000444469,3.4622007063578355,86.53779929364198,1,1,1,1
797,6.867152452172181,1.4782786017778158,1.1619597704075335,-0.2487814468982693,0.9685596479717723,3.3102104397409224,86.6897895602588,1,1,1,1
798,6.452741619185284,1.4501245619972454,1.1639828069832425,-0.2485108019485123,0.9686291247504937,3.2883122396159656,86.71168776038391,1,1,1,1
799,6.717101347041611,1.4544329156074784,1.1579750833667644,-0.2504007875682375,0.9681422651579707,3.3552200710817384,86.64477992891801,1,1,1,1
800,6.3222855811023315,1.4081666512856181,1.1524834025256505,-0.24838748159412935,0.9686607553665658,3.3604946950942276,86.63950530490553,1,1,1,1
801,6.518402648538164,1.5496299151882145,1.197242263325901,-0.2456671329314572,0.9693542488673774,3.678511645558781,86.32148835444107,1,1,1,1
802,6.742724152018699,1.5010036984433965,1.1731649691449977,-0.24764986178283846,0.9688495992459,3.1989208522605885,86.80107914773946,1,1,1,1
803,6.822643649682426,1.4741377209620066,1.1617871630852945,-0.24622518476988567,0.9692126486922442,3.32704744487003,86.67295255512988,1,1,1,1
804,6.8080947382571235,1.521911847477304,1.1782792260192478,-0.24866206284473635,0.9685903047737987,3.532111416379931,86.46788858361975,1,1,1,1
805,6.931249975030578,1.542785775195925,1.1815057235064639,-0.2470148449306732,0.9690116956899311,3.2755277858077423,86.72447221419229,1,1,1,1
806,6.855206147180566,1.4769431288390569,1.1618386785184192,-0.24882428225221484,0.9685486443961759,3.4203989300823774,86.57960106991744,1,1,1,1
807,6.336826178536997,1.5318864794208191,1.1973664866487286,-0.2489706654337901,0.9685110261393287,3.596248947268382,86.40375105273147,1,1,1,1
808,6.823565263823998,1.4607345743402818,1.1572468513374488,-0.24415878831366675,0.9697352659820113,2.996316986040553,87.00368301395943,1,1,1,1
809,6.881786580458856,1.485028892756661,1.1638117628522713,-0.2494085660834683,0.9683983514877481,3.4703903653062635,86.52960963469376,1,1,1,1
810,6.464143151169431,1.534642932040445,1.193835667137396,-0.2466536131914721,0.9691037070920695,3.4205692134471644,86.57943078655278,1,1,1,1
811,6.527820724803697,1.47271945558845,1.1697911534225167,-0.24856294615106322,0.968615745174888,3.4016568570432484,86.59834314295667,1,1,1,1
812,6.603136014850833,1.4658867524123564,1.1651532123678805,-0.2487876326450412,0.9685580590975825,3.425793778751473,86.57420622124849,1,1,1,1
813,6.525808314455084,1.4174580128367278,1.1502364664740838,-0.24586493697836082,0.9693040971566285,3.3081213291924603,86.69187867080745,1,1,1,1
814,7.127551554668132,1.4444157636876904,1.144295894384055,-0.25129369601768803,0.9679108834710817,3.376872702148583,86.62312729785134,1,1,1,1
815,6.805235404403268,1.5405376270606603,1.1846235282892252,-0.2510057992832512,0.9679855829123574,3.5624720498979645,86.43752795010208,1,1,1,1
816,6.747786742460704,1.5289867903654757,1.182520290601735,-0.24796444626993236,0.9687691331715962,3.219071444119794,86.78092855588005,1,1,1,1
817,6.876552440379678,1.516732704626437,1.1745132149162292,-0.24807498105420064,0.9687408341630686,3.2444644943698897,86.75553550563016,1,1,1,1
818,6.772187816653061,1.5761564252793459,1.1976625487954116,-0.24485350095636293,0.9695600873950063,3.428299684159802,86.57170031584012,1,1,1,1
819,6.507379694457052,1.5053441388797177,1.1819830712552524,-0.2464330759556294,0.9691598109058417,3.3721666296315886,86.62783337036824,1,1,1,1
820,6.881201600923119,1.4583009485969827,1.154912119397032,-0.2496574167360237,0.9683342265296087,3.1836272525664633,86.81637274743332,1,1,1,1
821,6.548176805801642,1.467428560773689,1.1673105233615386,-0.24673984665059473,0.9690817551036864,3.299966664131381,86.70003333586843,1,1,1,1
822,6.198228355322371,1.5294189060524226,1.201600925807859,-0.2476790891439305,0.9688421279036297,3.5923547537266094,86.4076452462734,1,1,1,1
823,6.415700707892408,1.4532131654624412,1.1662061204176992,-0.2461787054146802,0.9692244554283348,3.537974857088452,86.46202514291136,1,1,1,1
824,6.534405629160849,1.5419363845529508,1.193982649232788,-0.2437527119499683,0.969837417001961,3.1743589032652135,86.82564109673456,1,1,1,1
825,7.036618006379059,1.5420021235807544,1.178135415332397,-0.24627175871090654,0.9692008155493047,3.5475687665411986,86.45243123345885,1,1,1,1
826,6.769239042664472,1.5301296697342683,1.1822392682342233,-0.24823111248628635,0.9687008386461842,3.2477944055119377,86.75220559448822,1,1,1,1
827,6.57028573191029,1.5243131875517952,1.18660035384712,-0.247077997190951,0.9689955950901472,3.3315555769674505,86.66844442303254,1,1,1,1
828,6.94374425839143,1.4959356050790227,1.1657227432046404,-0.24978460451459078,0.968301425872899,3.4396216974233607,86.56037830257655,1,1,1,1
829,6.436653872889079,1.57846847555626,1.2104208916689367,-0.24603979657188105,0.9692597270612595,3.348701343059962,86.65129865693974,1,1,1,1
830,6.664677444059237,1.5217111738677254,1.1826487480264738,-0.2474755307379218,0.9688941436947505,3.632436112706973,86.36756388729297,1,1,1,1
831,6.667815865938719,1.4702910395099664,1.1648166603648684,-0.2501251514624928,0.9682135139554007,3.622603551989879,86.37739644801,1,1,1,1
832,7.192623462880398,1.573609426375096,1.183679751934648,-0.24731793345084369,0.968934383636789,3.219782096445019,86.78021790355504,1,1,1,1
833,6.56717586058448,1.5166511043290936,1.1840213060235543,-0.2474467184612165,0.9689015024876243,3.277088486474602,86.7229115135254,1,1,1,1
834,6.453379155277045,1.489408618997187,1.1780541565252212,-0.24977210387570362,0.968304650471898,3.1167664777116704,86.88323352228825,1,1,1,1
835,6.703330015526397,1.4642154221258576,1.1617161414727817,-0.24948639843537218,0.9683783026254495,3.3808205388893167,86.61917946111069,1,1,1,1
836,6.644964089393143,1.4681328206698356,1.1647257021960102,-0.24738179370915891,0.9689180812335165,3.211211882478561,86.78878811752138,1,1,1,1
837,6.744598710315943,1.5075299453951778,1.1753295918664892,-0.24679774682694,0.9690670111819645,3.383568301027432,86.61643169897266,1,1,1,1
838,6.45239444778647,1.532641669416208,1.1935320708335322,-0.24734108444791722,0.9689284741115456,3.351281748186923,86.64871825181274,1,1,1,1
839,6.8737904163475925,1.5023881779265884,1.1698186792748222,-0.24834475011393997,0.9686717117222143,3.3706281721231646,86.62937182787684,1,1,1,1
840,6.312698949614855,1.4509847901307287,1.168561499519686,-0.24861213874399146,0.9686031202041104,3.4129084726805248,86.58709152731947,1,1,1,1
841,6.766221200063292,1.464464327255213,1.1600598431988927,-0.24827815096202716,0.968688783745779,3.4452749644046015,86.55472503559534,1,1,1,1
842,6.303254328320712,1.5481654453354674,1.204542593248536,-0.2471224369734903,0.9689842625885537,3.5343860606867694,86.46561393931303,1,1,1,1
843,6.842609619977943,1.4883093881505498,1.1659950469519567,-0.24777372477776172,0.968817929907242,3.4296730532437483,86.57032694675634,1,1,1,1
844,6.867789126533352,1.4465189236315266,1.1513170106807933,-0.24726075001139822,0.9689489777608524,3.229170795489179,86.7708292045108,1,1,1,1
845,6.628213419146022,1.442871276453209,1.156407003979114,-0.2524535415958109,0.9676090167705818,3.6117276587784772,86.3882723412214,1,1,1,1
846,6.535294319643796,1.436076455438472,1.1565902856042534,-0.24721309406020722,0.968961137572183,3.5545224334504684,86.44547756654953,1,1,1,1
847,6.610434226658661,1.5233763092626251,1.1849628718452494,-0.24698925954342235,0.9690182174088328,3.3684411033445825,86.63155889665526,1,1,1,1
848,6.813750342862556,1.445465436988745,1.152351005554189,-0.2488432456657978,0.9685437724163588,3.493676036263894,86.50632396373611,1,1,1,1
849,6.802112349554936,1.4588886565847214,1.1571965603797534,-0.24746322488730033,0.9688972867793455,3.2782063509784574,86.72179364902144,1,1,1,1
850,6.562112498879134,1.5643925770504543,1.2008735425924735,-0.24549477212154264,0.9693979146155576,3.4763904330174413,86.52360956698261,1,1,1,1
851,6.860076291985504,1.5454790509148844,1.1845686829657582,-0.24786688788757158,0.9687940988099225,3.2962237846598295,86.70377621533997,1,1,1,1
852,6.693712377060534,1.587288530917456,1.2041220021968786,-0.24534170037446393,0.9694366663466815,3.2804738224605345,86.7195261775393,1,1,1,1
853,6.688745876611599,1.3888810828615532,1.1360835173816184,-0.2510469896112738,0.9679749010212593,3.023175567071356,86.97682443292865,1,1,1,1
854,7.04586998106827,1.5275042885273784,1.1731823335016078,-0.24915272964479493,0.9684642054875067,3.288713421568526,86.71128657843148,1,1,1,1
855,6.812032507206371,1.540261997427313,1.1843188955454227,-0.2487947215909749,0.9685562381753934,3.3280205725169325,86.67197942748302,1,1,1,1
856,6.768417506249133,1.4559512138599275,1.1571038272261653,-0.24808073927250662,0.9687393595813101,3.126650944754969,86.87334905524507,1,1,1,1
857,6.604969465033031,1.4548532072627458,1.1612416703435826,-0.24703501075879641,0.9690065549104409,3.3325471973116043,86.66745280268816,1,1,1,1
858,6.749034659043575,1.519803419128562,1.1793652352478885,-0.24801408058957183,0.9687564275034821,3.2059307066235223,86.79406929337662,1,1,1,1
859,6.548396205836853,1.5671350986603074,1.2023182385837092,-0.24499069149113065,0.9695254308591897,3.1713079716746675,86.82869202832532,1,1,1,1
860,6.19550580945458,1.4479148371092954,1.1711518705720596,-0.24489797962155924,0.9695488536310474,3.5201700918516297,86.47982990814823,1,1,1,1
861,6.667280552243275,1.4587460757223398,1.1608389724680956,-0.2503582643470562,0.9681532623883109,3.3664768746407976,86.6335231253592,1,1,1,1
862,6.7264860297476226,1.6023701593434905,1.208078003861793,-0.24998785965224704,0.9682489710949804,3.610634884038577,86.38936511596154,1,1,1,1
863,6.75393312832078,1.5110457688838614,1.1762432640157674,-0.24699668513268275,0.9690163246991592,3.230306459664811,86.76969354033517,1,1,1,1
864,6.593425373615418,1.6089213863666922,1.2151774081223787,-0.24648500877461116,0.9691466042087648,3.605838337195414,86.39416166280441,1,1,1,1
865,6.584465078142035,1.4297164598452419,1.1529912160955451,-0.25003458123804034,0.9682369070558703,3.045198416621665,86.95480158337833,1,1,1,1
866,6.964574960692678,1.4668841338023926,1.1555989769886355,-0.24725998724431908,0.9689491724068601,3.1918803932103694,86.80811960678966,1,1,1,1
867,6.870608618600278,1.5190095615351509,1.1754449929816804,-0.24732530125295069,0.9689325029949903,3.294932429755114,86.70506757024486,1,1,1,1
868,6.63080959205546,1.5625809945223585,1.1978474554850174,-0.2429574929678058,0.9700369356940994,3.411774007638659,86.58822599236134,1,1,1,1
869,6.682238301067047,1.464979682417393,1.1625721298479552,-0.24851114159235796,0.9686290376116459,3.2925993580960466,86.70740064190387,1,1,1,1
870,6.493385967666931,1.4838729036293425,1.1748093585372466,-0.24841678204576917,0.9686532415668802,3.5445839645752506,86.45541603542469,1,1,1,1
871,6.788084202074806,1.6240543306664472,1.2131563172489248,-0.24667157386827493,0.969099135612734,3.0583525171399524,86.94164748286006,1,1,1,1
872,6.468819780817261,1.4912933567889657,1.1782323021581018,-0.24818384850710176,0.9687129488864098,3.227681965691002,86.77231803430912,1,1,1,1
873,6.567025482563718,1.5098298962216175,1.1816372288523023,-0.24891245211033214,0.968525988905007,3.4053668388127987,86.59463316118728,1,1,1,1
874,6.662408162593213,1.5183564050269627,1.1815653546368003,-0.24473253931782535,0.9695906271200486,3.1212863198992973,86.87871368010055,1,1,1,1
875,7.048575729195447,1.5891375624714412,1.1929713665432817,-0.24637673565669987,0.9691741350898448,3.449407283951408,86.55059271604857,1,1,1,1
876,6.512359821459983,1.5482194901117825,1.196957475501947,-0.24777350448078944,0.968817986247834,3.439625091968263,86.56037490803148,1,1,1,1
877,6.823827498060172,1.4876222022982704,1.1662918477805575,-0.24956213461913307,0.9683587873119867,3.411703049042579,86.58829695095747,1,1,1,1
878,6.798259438197725,1.5934036405733034,1.202561774204347,-0.24633928797181096,0.9691836540107045,3.3798096341879886,86.62019036581175,1,1,1,1
879,6.916460888603301,1.3988787723766754,1.1342268559060398,-0.25214056917142047,0.9676906186265899,3.303531060027522,86.6964689399723,1,1,1,1
880,6.537309596305601,1.5478951439206952,1.1959735382679328,-0.245383973469538,0.9694259670363183,3.4731652936851667,86.5268347063149,1,1,1,1
881,6.372909381295809,1.467661599964649,1.1727723909583185,-0.24721285402430979,0.9689611988130149,3.4760004442871737,86.52399955571254,1,1,1,1
882,6.719375687627744,1.5060810669671545,1.17559588144447,-0.24786618881736053,0.9687942776674295,3.535685059580397,86.46431494041977,1,1,1,1
883,6.533166953759814,1.4352618990728678,1.1563607406677283,-0.24948456317579815,0.9683787754473873,3.3164710156845936,86.68352898431533,1,1,1,1
884,6.3109778494714535,1.604789086589213,1.224834993239387,-0.24587714638793715,0.9693010001460459,3.579226156473771,86.42077384352612,1,1,1,1
885,6.717946409963519,1.444202751249551,1.1544393761439236,-0.2483398267829413,0.9686729739356925,3.01988392336265,86.98011607663727,1,1,1,1
886,6.91276041454575,1.4987194386039322,1.167500939956988,-0.24751027921164495,0.9688852675547159,3.1068712592620793,86.89312874073781,1,1,1,1
887,6.58157738516298,1.454194726527689,1.1616772223753684,-0.24863686686195907,0.9685967728818162,3.2317698054600417,86.76823019453978,1,1,1,1
888,6.806468568818547,1.5887573378819957,1.20072983604303,-0.24955066243257296,0.968361743812437,3.5307307926969393,86.46926920730291,1,1,1,1
889,6.997803742564351,1.4874810143602213,1.1614864124609716,-0.25047346659827985,0.9681234645076219,3.291709855360919,86.70829014463898,1,1,1,1
890,6.287642463808074,1.527989462105606,1.1977353819495724,-0.2463940123280504,0.96916974297018,3.338650963074107,86.66134903692566,1,1,1,1
891,6.586638217249064,1.5113562269658551,1.1815430333379573,-0.24433429493016162,0.9696910602459842,3.1936225369028994,86.80637746309716,1,1,1,1
892,7.104562873440461,1.4923313471153494,1.160257087048613,-0.24931007662042054,0.9684237118614559,3.45825445633379,86.54174554366615,1,1,1,1
893,6.911926112862357,1.438896612028171,1.147664535245338,-0.2490486784629932,0.9684909683398376,3.3608116963321444,86.63918830366799,1,1,1,1
894,6.631180245548523,1.4578069091657408,1.1615295202341382,-0.2463343806909395,0.9691849012905697,3.388582361558425,86.61141763844165,1,1,1,1
895,6.929009649001676,1.4459363543110135,1.1495790819121992,-0.2529620945588497,0.9674761902581374,3.3783145021613565,86.62168549783851,1,1,1,1
896,6.8119138613811,1.4988263820990697,1.1704012365800767,-0.2474378798401636,0.968903759730658,3.1243785556402637,86.87562144435968,1,1,1,1
897,6.799685953874768,1.4727512429639165,1.1619504321792333,-0.24862119467746366,0.9686007957652888,3.213449594554978,86.78655040544498,1,1,1,1
898,6.222785547908466,1.6013240956822923,1.2272569743968806,-0.24486273320128504,0.9695577558295309,3.266692004106477,86.73330799589338,1,1,1,1
899,6.799283669237681,1.5124564248237293,1.1753616355627305,-0.24964990946311252,0.9683361620351991,3.6959681818098997,86.30403181819,1,1,1,1
900,6.530932036623307,1.5060439220839534,1.1814677770928423,-0.24879646515212456,0.9685557903021424,3.5920438185369394,86.40795618146313,1,1,1,1
901,6.732000651794649,1.5059826540080201,1.1751815685154519,-0.2503609325296621,0.9681525724093687,3.4061782585308054,86.59382174146906,1,1,1,1
902,6.62950729405763,1.5359611718043704,1.188700986847091,-0.24517834856012627,0.9694779922191783,3.428313717101358,86.57168628289838,1,1,1,1
903,7.097058942315487,1.491162282040228,1.1600756872505944,-0.24938508187622402,0.9684043994827723,3.163794387259153,86.8362056127407,1,1,1,1
904,6.792667937574989,1.493656155688527,1.1692128001709423,-0.24674748747981717,0.9690798096247787,3.464689384637441,86.53531061536249,1,1,1,1
905,6.49228303291421,1.5649652687594213,1.2035764762861991,-0.2470647621096892,0.9689989697227147,3.3694828297865644,86.63051717021334,1,1,1,1
906,6.759741843930039,1.519875114300675,1.179061488346845,-0.24677277038065404,0.9690733717312932,3.359000038485521,86.6409999615144,1,1,1,1
907,6.756604142321178,1.5258487060922032,1.1811822298219905,-0.24703820408016924,0.9690057408110876,3.6009437428533,86.3990562571467,1,1,1,1
908,6.494054607708081,1.4615513192893577,1.1668409792645058,-0.24753220699470949,0.96887966564498,3.218556737310142,86.78144326268966,1,1,1,1
909,6.365055373149934,1.558942121996484,1.206126695652518,-0.24544547632744823,0.969410397174691,3.3437422947093784,86.65625770529036,1,1,1,1
910,6.565648387367611,1.5502002992641952,1.1957994510807914,-0.24712838904626025,0.9689827445973433,3.6450923328544493,86.35490766714561,1,1,1,1
911,6.6570771095914285,1.44012258663946,1.1546645345280822,-0.2502168060981915,0.968189831565081,3.334797317269309,86.6652026827307,1,1,1,1
912,6.5192983681422305,1.5471188961478475,1.1963274860255404,-0.24849870587183914,0.9686322280308565,3.6058541281947227,86.39414587180501,1,1,1,1
913,6.548999858937721,1.5247513830125614,1.1874572711859368,-0.25050624307512853,0.9681149839664628,3.656704764983739,86.34329523501619,1,1,1,1
914,7.000218192585798,1.5803868173659434,1.1916620031635217,-0.24770697706456363,0.9688349980845735,3.3777105899104525,86.62228941008931,1,1,1,1
915,6.342374067179433,1.5816339339708105,1.2151929228504506,-0.24619586446424493,0.9692200969442921,3.5556004507241736,86.44439954927579,1,1,1,1
916,6.810546028989936,1.5088790499714695,1.1738238213957968,-0.24756353838547474,0.9688716604700871,3.205955496549463,86.7940445034504,1,1,1,1
917,6.740897041271651,1.469712412924426,1.1625491374245598,-0.24933564398387495,0.968417129463924,3.2346450104929754,86.76535498950699,1,1,1,1
918,6.746426477176817,1.5819756091853339,1.2004957275173538,-0.24606173583231356,0.9692541576692817,3.1578759015771802,86.84212409842284,1,1,1,1
919,7.194297899215707,1.5423063572563485,1.173766671406723,-0.24959133839945824,0.9683512605433873,3.2939027320971275,86.70609726790293,1,1,1,1
920,6.957493094141006,1.4126199530514456,1.137860016548552,-0.25093894966055713,0.9680029150489456,3.520966573813866,86.47903342618595,1,1,1,1
921,6.976288685696147,1.4301886135079214,1.1432230295438341,-0.25097142337844636,0.967994496186521,3.2750921126315826,86.72490788736842,1,1,1,1
922,6.68396240472244,1.6032538800584952,1.209900908222674,-0.24780092068438556,0.9688109741884485,3.0641561462916775,86.93584385370822,1,1,1,1
923,7.2894010231390745,1.4958888673352262,1.1567160968317964,-0.25363860775180214,0.9672990523399303,3.1851765480122163,86.8148234519879,1,1,1,1
924,6.555871442133678,1.5240219853124708,1.1869738698470684,-0.24837485655668703,0.9686639926364794,3.6414521813797522,86.35854781861988,1,1,1,1
925,6.558435284254354,1.4895834780212185,1.1748026255272848,-0.24905465321806333,0.96848943190436,3.509413403567362,86.49058659643276,1,1,1,1
926,6.329544366251399,1.453120301230378,1.1688205993287244,-0.24574013789197016,0.9693357440169199,3.4293225474079234,86.57067745259192,1,1,1,1
927,6.86969256293742,1.5221253410158397,1.1765088727428918,-0.24805751942080576,0.9687453055673594,3.5908257492201496,86.40917425077974,1,1,1,1
928,6.655933929218373,1.4960771590154456,1.1740791281135532,-0.24683898888158928,0.9690565069013853,3.164868343503152,86.83513165649691,1,1,1,1
929,6.513523192091657,1.4438872623313421,1.1599807036197296,-0.24972407286396095,0.9683170386976752,3.171602799808498,86.82839720019133,1,1,1,1
930,6.977236387415923,1.5439316752873196,1.180506268891185,-0.24986526779830504,0.9682806142581194,3.5953307131504637,86.40466928684961,1,1,1,1
931,6.5410535591353,1.4981300064109908,1.1783547320762422,-0.24661333550844472,0.9691139575660849,3.369552866428601,86.63044713357138,1,1,1,1
932,6.771234320968242,1.4164345536362715,1.1435663650610868,-0.2519624163689317,0.9677370204438441,3.349620441729103,86.65037955827098,1,1,1,1
933,6.616071677581235,1.4540625440988577,1.1606509759973607,-0.2499780424229575,0.9682515057082979,3.4132783566728415,86.58672164332694,1,1,1,1
934,6.500373530557114,1.5463497510755593,1.1967182510265015,-0.24411240205187967,0.9697469438799287,3.27377921913937,86.72622078086067,1,1,1,1
935,6.55346859308926,1.5249576722456575,1.1873814305083326,-0.24762781474947038,0.9688552344712815,3.5163259454035516,86.48367405459642,1,1,1,1
936,6.594991011576408,1.513568413947153,1.1820476473920927,-0.24725597088868675,0.9689501973062872,3.1514471241655437,86.84855287583432,1,1,1,1
937,6.865497822949365,1.5087040364963265,1.1721614288132522,-0.24808554656988463,0.968738128486291,3.196471354302494,86.8035286456972,1,1,1,1
938,6.759358238503843,1.4780823295422316,1.1648831619003683,-0.24637783480616052,0.9691738556710185,3.1951934103073,86.80480658969257,1,1,1,1
939,6.702540345887491,1.4470804677651556,1.1558425563533843,-0.2459410707779676,0.9692847825611348,3.153852809513883,86.84614719048616,1,1,1,1
940,6.300706467920351,1.48758420759256,1.18242597630609,-0.2472196342548542,0.9689594689350509,3.327738698052924,86.67226130194705,1,1,1,1
941,6.687802266905511,1.6494292755302706,1.2254198195243322,-0.24625155332950738,0.9692059494672971,3.46100131962284,86.5389986803771,1,1,1,1
942,6.79190447689189,1.4843271092105146,1.166081451407392,-0.24810610530544283,0.968732863337548,3.0904289060547305,86.90957109394522,1,1,1,1
943,6.352163934169001,1.5369260233779127,1.1986397476477395,-0.2486218360516417,0.9686006311366467,3.3921889636440308,86.60781103635581,1,1,1,1
944,6.828695347580837,1.5914859173687346,1.2008878284670763,-0.24687015005598165,0.969048568964083,3.319238806993183,86.68076119300657,1,1,1,1
945,6.693841134483826,1.448023063385634,1.1564027600913744,-0.24742352403509923,0.9689074257915731,3.338705597825067,86.66129440217486,1,1,1,1
946,6.711255211391488,1.3768120786474445,1.131382303549301,-0.24715536704619323,0.9689758637552649,3.186157001265325,86.81384299873466,1,1,1,1
947,6.527595043152862,1.4329964321720345,1.1557117336774891,-0.24666821694477578,0.9690999900677354,3.533010801945947,86.46698919805384,1,1,1,1
948,6.73789859244068,1.5776498248076805,1.1993252676308896,-0.24975802978936418,0.9683082807431398,3.3213878238034407,86.67861217619642,1,1,1,1
949,6.562115951427378,1.4525949268087572,1.1616715304080651,-0.2482549672556047,0.968694725511045,3.294654868037754,86.7053451319622,1,1,1,1
950,6.702031185985424,1.3932570891506502,1.1372827950587399,-0.2485738421403081,0.9686129490171009,3.0808289962735644,86.91917100372612,1,1,1,1
951,6.93294514794382,1.5417085807376831,1.1811005758761195,-0.2484974562474307,0.968632548616118,3.263475648869781,86.73652435113006,1,1,1,1
952,6.823970102355391,1.4774180373615236,1.1628549829420003,-0.25017714672560115,0.9682000801777684,3.337642117169159,86.66235788283072,1,1,1,1
953,6.9081040653756975,1.4962401456028078,1.166809442681558,-0.252073505874257,0.96770809009549,3.4999155740595946,86.50008442594039,1,1,1,1
954,6.706293029347733,1.4526824347615819,1.157668517237456,-0.2475523956387871,0.9688745075671551,3.3459167704321833,86.65408322956776,1,1,1,1
955,6.5821102532376194,1.4899127883686918,1.1741878893325353,-0.24898627037585774,0.9685070145147738,3.2064543364363973,86.79354566356366,1,1,1,1
956,6.370551798568066,1.5629492817531874,1.2073645671461903,-0.2424597699194645,0.9701614607737212,3.182860694480147,86.81713930552002,1,1,1,1
957,6.592580893654228,1.5022868925686783,1.1781888117022274,-0.24846830691965532,0.9686400262514862,3.513180362407723,86.48681963759226,1,1,1,1
958,6.660442721860672,1.5342410201434078,1.187096351528401,-0.24624749326558687,0.969206981021296,3.4075682735741473,86.5924317264257,1,1,1,1
959,6.629760770970702,1.5018201301373475,1.1768687565913454,-0.24940240834709254,0.9683999373764283,3.3393648004396956,86.66063519956047,1,1,1,1
960,6.496521588077056,1.5175005784034723,1.1866466205830353,-0.2483241648645389,0.9686769890651523,3.3382107905756184,86.66178920942434,1,1,1,1
961,6.193764605929397,1.5742616688528828,1.2184642745289516,-0.24307478288642778,0.9700075514781913,3.27044664706799,86.72955335293217,1,1,1,1
962,6.697517564476477,1.5608424273940549,1.1949832284024486,-0.24802079918135075,0.9687547074329208,3.33827036416714,86.66172963583276,1,1,1,1
963,6.460151457585112,1.4840656489161692,1.1759258037378642,-0.2474273108767482,0.9689064587628163,3.4293303823591508,86.57066961764079,1,1,1,1
964,6.481718461497953,1.5245675656854136,1.1896512979969922,-0.24879409251985743,0.968556399765765,3.3997735801572624,86.60022641984266,1,1,1,1
965,6.614176302832073,1.546126899581354,1.1927290768894947,-0.2495917065525366,0.9683511656523125,3.5708892719863314,86.42911072801351,1,1,1,1
966,6.652156877903675,1.5442317069089229,1.1908058638631285,-0.24738668560176533,0.9689168322343118,3.504287411601516,86.49571258839835,1,1,1,1
967,6.922805656799397,1.4830652128967157,1.1620424823322155,-0.2471596064700607,0.9689747824012578,3.204946806972915,86.79505319302696,1,1,1,1
968,7.017232681188158,1.4461260988610563,1.147472167665002,-0.25044026997724933,0.9681320525495075,3.2920053306253356,86.70799466937449,1,1,1,1
969,6.625114652931481,1.4315286502014164,1.1525316123500084,-0.2493535426482518,0.9684125209686038,3.178737988938192,86.8212620110617,1,1,1,1
970,6.677083361693648,1.4458739635236302,1.1561155474515739,-0.2468422083006353,0.9690556868422299,3.252808882227262,86.74719111777263,1,1,1,1
971,6.590469065298524,1.5730067352335724,1.2028629456763724,-0.24845506700390424,0.9686434223593764,3.376530972503025,86.62346902749685,1,1,1,1
972,6.908985524967193,1.497243838965066,1.1671175071083404,-0.24828986212149978,0.9686857820612867,3.2871161008484466,86.71288389915138,1,1,1,1
973,6.523331422595305,1.4773960725697504,1.1715834329367947,-0.24822859027321487,0.9687014849637491,3.5000216732773977,86.49997832672247,1,1,1,1
974,6.915967322464906,1.3970590481330332,1.1336310514402161,-0.25237629779908577,0.9676291667313606,3.45184443264872,86.54815556735132,1,1,1,1
975,7.307733835644667,1.5249585015929288,1.1653042091198589,-0.24820608679105838,0.9687072511754363,3.6502951145159637,86.3497048854839,1,1,1,1
976,6.758806798781325,1.6137213303073477,1.210748292729785,-0.24423129575825384,0.9697170072615229,3.6772110905769577,86.32278890942311,1,1,1,1
977,6.843726319854909,1.492091046285791,1.1672310241202457,-0.24633329411635788,0.9691851774608317,3.474035294999636,86.52596470500015,1,1,1,1
978,6.6029658739508195,1.4931679617880738,1.1746848351576815,-0.2472717872490827,0.9689461611620351,3.185376947093698,86.8146230529061,1,1,1,1
979,6.678198208364897,1.5502825139215575,1.1920195173586714,-0.24809013215332548,0.9687369541460393,3.1975615085703426,86.80243849142958,1,1,1,1
980,6.691207304715877,1.596712224865367,1.2074160333980166,-0.24430080814451885,0.9696994973392196,3.375310897914322,86.62468910208575,1,1,1,1
981,6.420163130914041,1.49662856272308,1.181726598776462,-0.24661520340637266,0.9691134822345798,3.2808507059947987,86.71914929400508,1,1,1,1
982,6.642950536690208,1.5400995199640322,1.1896868199341832,-0.2462150620777629,0.9692152202715574,3.248192346111213,86.75180765388863,1,1,1,1
983,6.557365933009491,1.5386257183441627,1.192038145045429,-0.24535027080270752,0.9694344973318404,3.1626372845672144,86.83736271543263,1,1,1,1
984,6.6951428795544565,1.5049764991211294,1.1759525103069322,-0.24450886018857043,0.9696470581037651,3.1310471359456638,86.8689528640542,1,1,1,1
985,6.517127974837598,1.4197670308771293,1.1512928682845298,-0.2490077023356542,0.9685015044787066,3.2258880210460514,86.77411197895394,1,1,1,1
986,6.613739775955159,1.4788236986096739,1.1693577991515987,-0.24795059685233012,0.9687726779387273,3.363357994648923,86.63664200535112,1,1,1,1
987,6.426420569974395,1.5540887022738534,1.2021115736130275,-0.24630396733365964,0.9691926308405876,3.606120620008065,86.393879379992,1,1,1,1
988,7.059077177570739,1.4407384868602953,1.1447146951411484,-0.24989567027964701,0.9682727683744317,3.2178182100683688,86.78218178993151,1,1,1,1
989,6.9756247209835065,1.546842191777881,1.1815042728922176,-0.24858533878059602,0.968609998577,3.3561763664474116,86.64382363355251,1,1,1,1
990,6.743027943360911,1.5345870715473044,1.184569817435002,-0.24907054475714271,0.9684853451314482,3.189560072583215,86.81043992741674,1,1,1,1
991,6.647037066884586,1.3833527573009403,1.1351484648879582,-0.2447560786090607,0.9695846853080525,2.8142709273590105,87.18572907264095,1,1,1,1
992,6.643723807965836,1.5159934536370565,1.181339842945916,-0.2464212140269236,0.9691628270200509,3.3322140428785625,86.66778595712137,1,1,1,1
993,6.768375136656647,1.5153726413901203,1.1772739381991941,-0.24790221206047874,0.9687850604006656,3.0633091976947306,86.93669080230518,1,1,1,1
994,6.431768448919204,1.541921834530333,1.1975713060678337,-0.24774347602503058,0.968825665477043,3.612519392554147,86.38748060744574,1,1,1,1
995,6.469472601077616,1.3811839440504046,1.1387122551307796,-0.2490888285988753,0.9684806427942895,3.4643487452491653,86.53565125475095,1,1,1,1
996,6.559325935694282,1.5420248017179856,1.1931604235227014,-0.24685997075750443,0.9690511621362435,3.550312609586807,86.44968739041302,1,1,1,1
997,6.663868008612987,1.54136856188264,1.1894349773968564,-0.24746155887635174,0.968897712288808,3.354647705824304,86.64535229417557,1,1,1,1
998,6.915926902276796,1.459731285609147,1.1544886058633073,-0.24698291957690843,0.9690198333559877,3.431129037093319,86.56887096290669,1,1,1,1
999,7.102167709433944,1.6284694214451167,1.2038203896854676,-0.24953234892039847,0.968366463092495,3.215732578067866,86.7842674219319,1,1,1,1
